PROJECT,SITE_ID,DEPTH_FROM,DEPTH_TO,DRILLERRUNLENGTH,CORERECOVERED,RECOVERYPERCENT,RQD,RQDPERCENT,NOFRACTURES,ROCKSTRENGTH,DESCRIPTION
PROMHILL,DP018,270.3,276.3,6.0,4.0,86.67,4.0,66.67,7,R4,Strong Rock
PROMHILL,DP018,276.3,282.3,6.0,4.2,100.0,4.0,66.67,8,R4,Strong Rock
PROMHILL,DP018,282.3,285.4,3.1,1.8,96.77,2.0,64.52,5,R4,Strong Rock
PROMHILL,DP018,285.4,288.2,2.8,1.5,85.71,1.0,35.71,6,R4,Strong Rock
PROMHILL,DP018,288.2,291.3,3.1,1.3,100.0,1.0,32.26,8,R4,Strong Rock
PROMHILL,DP018,291.3,295.0,3.7,0.9,94.59,1.0,27.03,5,R4,Strong Rock
PROMHILL,DP018,295.0,298.9,3.9,2.4,100.0,1.0,25.64,9,R4,Strong Rock
PROMHILL,DP018,298.9,301.7,2.8,1.7,96.43,1.0,35.71,3,R4,Strong Rock
PROMHILL,DP018,301.7,306.3,4.6,4.55,100.0,4.0,86.96,22,R4,Strong Rock
PROMHILL,DP018,306.3,312.3,6.0,6.06,101.83,6.0,100.0,15,R4,Strong Rock
PROMHILL,DP018,312.3,318.3,6.0,5.91,99.33,6.0,100.0,22,R4,Strong Rock
PROMHILL,DP018,318.3,324.3,6.0,5.85,99.17,6.0,100.0,18,R4,Strong Rock
PROMHILL,DP018,324.3,330.3,6.0,5.81,97.5,6.0,100.0,17,R4,Strong Rock
PROMHILL,DP018,330.3,336.3,6.0,6.15,102.5,6.0,100.0,7,R4,Strong Rock
PROMHILL,DP018,336.3,337.1,0.8,0.98,122.5,1.0,125.0,4,R4,Strong Rock
PROMHILL,DP018,337.1,342.3,5.2,4.79,95.77,5.0,96.15,9,R4,Strong Rock
PROMHILL,DP018,342.3,348.3,6.0,6.03,101.0,6.0,100.0,11,R4,Strong Rock
PROMHILL,DP018,348.3,354.3,6.0,6.04,100.67,5.0,83.33,12,R4,Strong Rock
PROMHILL,DP018,354.3,360.3,6.0,5.98,100.0,6.0,100.0,4,R4,Strong Rock
PROMHILL,DP018,360.3,366.3,6.0,5.89,99.17,5.0,83.33,13,R4,Strong Rock
PROMHILL,DP018,366.3,370.5,4.2,2.84,95.24,2.0,47.62,9999,R3,Medium Strong Rock
PROMHILL,DP018,370.5,375.1,4.6,4.35,95.43,4.0,86.96,11,R4,Strong Rock
PROMHILL,DP018,375.1,377.3,2.2,1.44,91.82,1.0,45.45,9999,R3,Medium Strong Rock
PROMHILL,DP018,377.3,381.3,4.0,3.91,99.5,4.0,100.0,2,R4,Strong Rock
PROMHILL,DP018,381.3,387.3,6.0,6.11,101.83,6.0,100.0,2,R4,Strong Rock
PROMHILL,DP018,387.3,393.3,6.0,6.0,100.0,6.0,100.0,6,R4,Strong Rock
PROMHILL,DP018,393.3,399.3,6.0,6.12,102.0,6.0,100.0,5,R4,Strong Rock
PROMHILL,DP018,399.3,405.3,6.0,6.08,101.33,6.0,100.0,16,R4,Strong Rock
PROMHILL,DP018,405.3,411.3,6.0,5.98,99.67,6.0,100.0,7,R4,Strong Rock
PROMHILL,DP018,417.3,425.3,8.0,8.0,100.0,8.0,100.0,6,R4,Strong Rock
PROMHILL,DP018,425.3,431.3,6.0,5.4,100.0,5.0,83.33,6,R4,Strong Rock
PROMHILL,DP018,431.3,437.3,6.0,4.8,90.0,4.0,66.67,18,R4,Strong Rock
PROMHILL,DP018,437.3,443.3,6.0,4.4,91.67,4.0,66.67,26,R4,Strong Rock
PROMHILL,DP018,443.3,449.3,6.0,5.8,100.0,5.0,83.33,20,R4,Strong Rock
PROMHILL,DP018,449.3,455.3,6.0,6.0,100.0,5.0,83.33,20,R4,Strong Rock
PROMHILL,DP018,455.3,461.3,6.0,6.0,100.0,6.0,100.0,16,R4,Strong Rock
PROMHILL,DP018,461.3,467.3,6.0,5.7,100.0,6.0,100.0,11,R4,Strong Rock
PROMHILL,DP018,467.3,473.3,6.0,5.8,100.0,6.0,100.0,15,R5,Very Strong Rock
PROMHILL,DP018,473.3,479.3,6.0,5.6,93.33,5.0,83.33,13,R4,Strong Rock
PROMHILL,DP018,479.3,485.3,6.0,5.4,93.33,4.0,66.67,18,R4,Strong Rock
PROMHILL,DP018,485.3,491.3,6.0,5.3,90.0,4.0,66.67,15,R4,Strong Rock
PROMHILL,DP018,491.3,495.3,4.0,4.7,135.0,5.0,125.0,7,R4,Strong Rock
PROMHILL,PH07D346,135.1,138.2,3.1,2.92,99.03,2.92,94.19,15,R4,Strong Rock
PROMHILL,PH07D346,138.2,141.3,3.1,3.1,100.0,3.1,100.0,5,R4,Strong Rock
PROMHILL,PH07D346,141.3,144.4,3.1,2.86,100.0,3.1,100.0,7,R4,Strong Rock
PROMHILL,PH07D346,144.4,147.5,3.1,2.98,100.0,2.56,82.58,25,R4,Strong Rock
PROMHILL,PH07D346,147.5,150.6,3.1,2.9,100.0,2.82,90.97,25,R4,Strong Rock
PROMHILL,PH07D346,150.6,152.8,2.2,1.7,90.91,1.57,71.36,30,R4,Strong Rock
PROMHILL,PH07D346,152.8,155.9,3.1,2.95,101.61,2.35,75.81,20,R4,Strong Rock
PROMHILL,PH07D346,155.9,159.0,3.1,2.6,100.0,2.6,83.87,30,R4,Strong Rock
PROMHILL,PH07D346,159.0,165.2,6.2,5.26,98.23,3.99,64.35,66,R4,Strong Rock
PROMHILL,PH07D346,165.2,171.4,6.2,5.34,98.06,4.5,72.58,70,R4,Strong Rock
PROMHILL,PH07D346,171.4,176.59,5.19,5.22,100.58,5.07,97.69,10,R4,Strong Rock
PROMHILL,PH07D346,176.59,177.3,0.71,0.0,43.66,0.0,0.0,21,R4,Strong Rock
PROMHILL,PH07D346,177.3,180.4,3.1,2.96,99.35,2.19,70.65,24,R4,Strong Rock
PROMHILL,PH07D346,180.4,183.5,3.1,3.1,100.0,3.03,97.74,10,R4,Strong Rock
PROMHILL,PH07D346,183.5,186.6,3.1,3.1,100.0,3.1,100.0,3,R4,Strong Rock
PROMHILL,PH07D346,186.6,189.6,3.0,3.0,100.0,2.94,98.0,5,R4,Strong Rock
PROMHILL,PH07D346,189.6,192.6,3.0,3.0,100.0,2.91,97.0,11,R4,Strong Rock
PROMHILL,PH07D346,192.6,195.6,3.0,3.16,100.0,3.16,100.0,10,R4,Strong Rock
PROMHILL,PH07D346,195.6,198.6,3.0,2.98,99.33,2.84,94.67,10,R4,Strong Rock
PROMHILL,PH07D346,198.6,201.6,3.0,3.0,100.0,3.0,100.0,9,R3,Medium Strong Rock
PROMHILL,PH07D346,201.6,204.6,3.0,2.8,93.33,2.71,90.33,11,R4,Strong Rock
PROMHILL,PH07D346,204.6,207.6,3.0,2.95,98.33,2.87,95.67,8,R4,Strong Rock
PROMHILL,PH07D346,207.6,210.6,3.0,2.96,98.67,2.84,94.67,11,R3,Medium Strong Rock
PROMHILL,PH07D346,210.6,213.6,3.0,3.08,102.67,2.68,89.33,9,R4,Strong Rock
PROMHILL,PH07D346,213.6,216.6,3.0,3.03,101.0,2.88,96.0,11,R4,Strong Rock
PROMHILL,PH07D346,216.6,219.6,3.0,2.95,100.0,2.25,75.0,12,R3,Medium Strong Rock
PROMHILL,PH07D346,219.6,222.6,3.0,2.96,98.67,2.96,98.67,10,R3,Medium Strong Rock
PROMHILL,PH07D346,222.6,225.6,3.0,2.85,100.0,2.09,69.67,27,R4,Strong Rock
PROMHILL,PH07D346,225.6,228.6,3.0,3.0,100.0,3.0,100.0,8,R4,Strong Rock
PROMHILL,PH07D346,228.6,231.6,3.0,3.0,100.0,2.93,97.67,7,R4,Strong Rock
PROMHILL,PH07D346,231.6,234.4,2.8,1.74,80.71,1.74,62.14,33,R4,Strong Rock
PROMHILL,PH07D346,234.4,237.3,2.9,2.46,100.0,2.37,81.72,23,R4,Strong Rock
PROMHILL,PH07D346,237.3,240.4,3.1,2.54,96.77,2.54,81.94,27,R4,Strong Rock
PROMHILL,PH07D346,240.4,246.6,6.2,6.13,99.68,5.85,94.35,25,R4,Strong Rock
PROMHILL,PH07D346,246.6,252.6,6.0,5.6,95.67,5.25,87.5,22,R4,Strong Rock
PROMHILL,PH07D346,252.6,258.6,6.0,5.04,97.83,4.93,82.17,40,R4,Strong Rock
PROMHILL,PH07D346,258.6,261.6,3.0,3.04,101.33,2.78,92.67,13,R4,Strong Rock
PROMHILL,PH07D346,261.6,266.1,4.5,4.5,100.0,4.42,98.22,10,R4,Strong Rock
PROMHILL,PH07D346,266.1,270.6,4.5,4.31,95.78,4.01,89.11,13,R4,Strong Rock
PROMHILL,PH07D346,270.6,276.6,6.0,5.98,99.67,5.98,99.67,6,R4,Strong Rock
PROMHILL,PH07D346,276.6,282.6,6.0,6.0,100.0,5.92,98.67,7,R4,Strong Rock
PROMHILL,PH07D346,282.6,285.6,3.0,3.04,101.33,3.04,100.0,3,R3,Medium Strong Rock
PROMHILL,PH07D346,285.6,290.6,5.0,4.91,98.2,4.91,98.2,2,R3,Medium Strong Rock
PROMHILL,PH07D346,290.6,292.6,2.0,1.4,86.0,1.4,70.0,23,R4,Strong Rock
PROMHILL,PH07D346,292.6,298.0,5.4,5.23,100.93,5.39,99.81,25,R4,Strong Rock
PROMHILL,PH07D346,298.0,304.5,6.5,6.3,98.92,6.16,94.77,21,R4,Strong Rock
PROMHILL,PH07D346,304.5,310.9,6.4,5.95,100.63,4.39,68.59,67,R4,Strong Rock
PROMHILL,PH07D346,310.9,317.4,6.5,6.13,97.69,5.68,87.38,42,R4,Strong Rock
PROMHILL,PH07D346,317.4,323.9,6.5,6.13,96.92,6.12,94.15,24,R4,Strong Rock
PROMHILL,PH07D346,323.9,330.3,6.4,6.26,100.94,6.2,96.88,31,R4,Strong Rock
PROMHILL,PH07D346,330.3,336.8,6.5,4.36,98.92,5.93,91.23,27,R4,Strong Rock
PROMHILL,PH07D346,336.8,342.9,6.1,6.26,102.62,6.17,100.0,10,R4,Strong Rock
PROMHILL,PH07D346,342.9,348.9,6.0,5.93,98.83,5.6,93.33,15,R4,Strong Rock
PROMHILL,PH07D346,348.9,354.9,6.0,5.01,100.5,5.6,93.33,29,R4,Strong Rock
PROMHILL,PH07D346,354.9,360.9,6.0,6.07,101.17,6.01,100.0,3,R4,Strong Rock
PROMHILL,PH07D346,360.9,366.9,6.0,5.94,99.0,5.94,99.0,13,R4,Strong Rock
PROMHILL,PH07D346,366.9,372.9,6.0,6.04,100.67,6.04,100.0,3,R4,Strong Rock
PROMHILL,PH07D346,372.9,378.9,6.0,5.71,96.17,5.61,93.5,13,R4,Strong Rock
PROMHILL,PH07D346,378.9,384.9,6.0,6.13,102.17,6.07,100.0,12,R4,Strong Rock
PROMHILL,PH07D346,384.9,390.9,6.0,5.98,99.67,5.9,98.33,6,R4,Strong Rock
PROMHILL,PH07D346,390.9,396.5,5.6,4.49,99.46,4.2,75.0,9999,R4,Strong Rock
PROMHILL,PH07D346,396.5,402.7,6.2,5.96,98.23,4.57,73.71,41,R4,Strong Rock
PROMHILL,PH07D346,402.7,407.3,4.6,4.55,103.91,4.38,95.22,29,R4,Strong Rock
PROMHILL,PH07D346,407.3,411.6,4.3,4.2,103.49,4.04,93.95,31,R4,Strong Rock
PROMHILL,PH07D346,411.6,417.9,6.3,6.22,100.32,6.06,96.19,31,R4,Strong Rock
PROMHILL,PH07D346,417.9,422.6,4.7,4.82,102.55,4.46,94.89,21,R4,Strong Rock
PROMHILL,PH07D346,422.6,429.1,6.5,6.33,98.31,5.79,89.08,39,R4,Strong Rock
PROMHILL,PH07D346,429.1,435.1,6.0,6.01,100.17,5.77,96.17,16,R4,Strong Rock
PROMHILL,PH07D346,435.1,441.6,6.5,6.49,99.85,6.16,94.77,18,R4,Strong Rock
PROMHILL,PH07D346,441.6,447.9,6.3,6.24,101.27,5.99,95.08,26,R4,Strong Rock
PROMHILL,PH07D346,447.9,453.9,6.0,5.92,98.67,5.65,94.17,9,R4,Strong Rock
PROMHILL,PH07D346,453.9,459.9,6.0,6.02,100.33,5.8,96.67,17,R4,Strong Rock
PROMHILL,PH07D346,459.9,463.9,4.0,3.88,97.0,3.88,97.0,8,R4,Strong Rock
PROMHILL,PH07D346,463.9,470.4,6.5,6.34,99.38,5.98,92.0,19,R4,Strong Rock
PROMHILL,PH07D346,489.8,495.9,6.1,6.22,101.97,6.21,100.0,8,R4,Strong Rock
PROMHILL,PH07D346,495.9,501.9,6.0,5.74,98.33,5.56,92.67,21,R4,Strong Rock
PROMHILL,PH07D346,501.9,507.9,6.0,5.77,99.67,5.44,90.67,40,R4,Strong Rock
PROMHILL,PH07D346,507.9,513.9,6.0,6.0,100.0,5.81,96.83,14,R4,Strong Rock
PROMHILL,PH07D346,513.9,519.9,6.0,5.88,98.0,5.67,94.5,10,R4,Strong Rock
PROMHILL,PH07D346,519.9,525.9,6.0,6.09,101.5,6.09,100.0,11,R4,Strong Rock
PROMHILL,PH07D346,525.9,531.9,6.0,5.92,99.5,5.79,96.5,16,R4,Strong Rock
PROMHILL,PH07D346,531.9,534.4,2.5,2.2,102.4,1.79,71.6,44,R4,Strong Rock
PROMHILL,PH07D346,534.4,539.6,5.2,5.2,100.0,4.79,92.12,17,R4,Strong Rock
PROMHILL,PH07D346,539.6,543.1,3.5,3.03,96.0,2.57,73.43,19,R4,Strong Rock
PROMHILL,PH07D346,543.1,549.6,6.5,6.45,100.15,6.0,92.31,30,R4,Strong Rock
PROMHILL,PH07D346,549.6,553.7,4.1,3.99,97.32,3.88,94.63,11,R4,Strong Rock
PROMHILL,PH07D346,553.7,558.7,5.0,4.87,97.4,4.78,95.6,9,R4,Strong Rock
PROMHILL,PH07D346,558.7,564.8,6.1,6.27,102.79,6.17,100.0,16,R4,Strong Rock
PROMHILL,PH07D346,564.8,570.9,6.1,6.08,99.67,5.99,98.2,11,R4,Strong Rock
PROMHILL,PH07D346,570.9,576.8,5.9,5.77,97.8,5.64,95.59,14,R4,Strong Rock
PROMHILL,PH07D346,576.8,581.0,4.2,4.15,100.0,4.11,97.86,8,R3,Medium Strong Rock
PROMHILL,PH07D346,581.0,587.5,6.5,6.52,100.92,6.52,100.0,4,R5,Very Strong Rock
PROMHILL,PH07D346,587.5,594.0,6.5,6.51,100.15,6.42,98.77,6,R4,Strong Rock
PROMHILL,PH07D346,594.0,598.2,4.2,2.5,97.14,2.2,52.38,9999,R3,Medium Strong Rock
PROMHILL,PH07D346,598.2,601.4,3.2,2.94,95.63,2.92,91.25,4,R3,Medium Strong Rock
PROMHILL,PH07D346,601.4,606.9,5.5,5.6,101.82,5.55,100.0,12,R4,Strong Rock
PROMHILL,PH07D346,606.9,612.6,5.7,5.6,100.0,5.33,93.51,19,R4,Strong Rock
PROMHILL,PH07D346,612.6,616.7,4.1,4.01,97.8,3.85,93.9,9,R4,Strong Rock
PROMHILL,PH07D346,616.7,621.9,5.2,5.26,101.92,5.26,100.0,3,R6,Extremely Strong Rock
PROMHILL,PH07D346,621.9,627.9,6.0,6.18,103.33,6.18,100.0,4,R5,Very Strong Rock
PROMHILL,PH07D346,627.9,633.9,6.0,6.04,100.67,5.92,98.67,8,R5,Very Strong Rock
PROMHILL,PH07D346,633.9,639.5,5.6,5.11,97.68,4.78,85.36,20,R5,Very Strong Rock
PROMHILL,PH07D346,639.5,645.9,6.4,6.47,101.09,6.47,100.0,4,R4,Strong Rock
PROMHILL,PH07D346,645.9,651.9,6.0,5.8,100.0,5.65,94.17,19,R4,Strong Rock
PROMHILL,PH07D346,651.9,657.9,6.0,6.1,101.67,6.1,100.0,7,R4,Strong Rock
PROMHILL,PH07D346,657.9,663.9,6.0,5.95,99.17,5.95,99.17,4,R4,Strong Rock
PROMHILL,PH07D346,663.9,669.9,6.0,5.85,100.0,5.85,97.5,8,R4,Strong Rock
PROMHILL,PH07D346,669.9,675.9,6.0,6.1,101.67,5.97,99.5,4,R4,Strong Rock
PROMHILL,PH07D346,675.9,681.9,6.0,5.95,100.0,5.95,99.17,8,R4,Strong Rock
PROMHILL,PH07D346,681.9,687.9,6.0,6.0,100.0,6.0,100.0,1,R4,Strong Rock
PROMHILL,PH07D346,687.9,693.9,6.0,6.0,100.0,6.0,100.0,4,R4,Strong Rock
PROMHILL,PH07D346,693.9,694.8,0.9,0.9,100.0,0.9,100.0,0,R4,Strong Rock
PROMHILL,PH07D346,694.8,699.3,4.5,4.4,100.0,4.4,97.78,5,R4,Strong Rock
PROMHILL,PH07D346,699.3,705.8,6.5,6.38,98.46,6.38,98.15,7,R4,Strong Rock
PROMHILL,PH07D346,705.8,711.9,6.1,6.1,100.0,6.1,100.0,7,R4,Strong Rock
PROMHILL,PH07D346,711.9,717.9,6.0,6.1,100.0,6.01,100.0,8,R4,Strong Rock
PROMHILL,PH07D346,717.9,723.9,6.0,5.8,100.0,5.8,96.67,9,R4,Strong Rock
PROMHILL,PH07D346,723.9,729.9,6.0,6.0,100.0,6.0,100.0,6,R4,Strong Rock
PROMHILL,PH07D346,729.9,735.9,6.0,6.08,101.5,5.96,99.33,14,R4,Strong Rock
PROMHILL,PH07D346,735.9,741.9,6.0,5.86,100.83,5.82,97.0,19,R4,Strong Rock
PROMHILL,PH07D346,741.9,746.9,5.0,4.5,98.8,4.36,87.2,36,R4,Strong Rock
PROMHILL,PH07D346,746.9,753.4,6.5,6.22,97.69,5.31,81.69,38,R4,Strong Rock
PROMHILL,PH07D346,753.4,759.9,6.5,6.03,96.92,6.87,100.0,24,R4,Strong Rock
PROMHILL,PH07D346,759.9,765.9,6.0,5.97,99.5,5.75,95.83,24,R4,Strong Rock
PROMHILL,PH07D346,765.9,771.9,6.0,5.94,100.33,5.72,95.33,27,R4,Strong Rock
PROMHILL,PH07D346,771.9,777.9,6.0,5.6,96.67,3.1,51.67,85,R4,Strong Rock
PROMHILL,PH07D346,777.9,783.9,6.0,6.08,101.33,6.04,100.0,9,R4,Strong Rock
PROMHILL,PH07D346,783.9,789.9,6.0,5.98,100.0,5.98,99.67,9,R4,Strong Rock
PROMHILL,PH07D346,789.9,795.9,6.0,6.04,100.67,6.04,100.0,2,R4,Strong Rock
PROMHILL,PH07D346,795.9,801.9,6.0,6.0,100.33,6.0,100.0,6,R4,Strong Rock
PROMHILL,PH07D346,801.9,807.9,6.0,5.89,99.83,5.64,94.0,31,R4,Strong Rock
PROMHILL,PH07D346,807.9,813.9,6.0,6.01,100.83,5.88,98.0,19,R4,Strong Rock
PROMHILL,PH07D346,813.9,819.9,6.0,5.81,99.67,5.46,91.0,40,R4,Strong Rock
PROMHILL,PH07D346,819.9,825.9,6.0,5.89,98.33,5.77,96.17,10,R4,Strong Rock
PROMHILL,PH07D346,825.9,831.9,6.0,6.16,102.83,6.16,100.0,2,R4,Strong Rock
PROMHILL,PH07D346,831.9,837.9,6.0,5.89,98.83,5.8,96.67,19,R4,Strong Rock
PROMHILL,PH07D346,837.9,843.9,6.0,6.06,101.0,5.8,96.67,15,R4,Strong Rock
PROMHILL,PH07D346,843.9,849.9,6.0,5.76,98.5,5.63,93.83,31,R4,Strong Rock
PROMHILL,PH07D346,849.9,855.9,6.0,6.14,102.67,5.77,96.17,17,R4,Strong Rock
PROMHILL,PH07D346,855.9,861.9,6.0,5.94,100.83,5.94,99.0,12,R4,Strong Rock
PROMHILL,PH07D346,861.9,863.6,1.7,1.75,102.94,1.75,100.0,2,R5,Very Strong Rock
PROMHILL,PH07D346,863.6,870.1,6.5,6.44,100.0,6.38,98.15,12,R4,Strong Rock
PROMHILL,PH07D346,870.1,876.6,6.5,6.41,99.38,6.41,98.62,7,R4,Strong Rock
PROMHILL,PH07D346,876.6,882.9,6.3,6.45,102.38,6.45,100.0,7,R4,Strong Rock
PROMHILL,PH07D346,882.9,888.9,6.0,5.96,100.83,5.75,95.83,22,R4,Strong Rock
PROMHILL,PH07D346,888.9,894.9,6.0,6.03,100.5,5.95,99.17,5,R4,Strong Rock
PROMHILL,PH07D346,894.9,900.9,6.0,6.0,100.33,5.95,99.17,19,R4,Strong Rock
PROMHILL,PH07D346,900.9,906.9,6.0,5.95,100.0,5.92,98.67,11,R4,Strong Rock
PROMHILL,PH08D383,203.4,210.94,7.54,7.38,99.87,7.44,98.67,18,R4,Strong Rock
PROMHILL,PH08D383,210.94,216.78,5.84,5.66,100.0,4.51,77.23,37,R4,Strong Rock
PROMHILL,PH08D383,216.78,222.77,5.99,5.94,99.83,5.98,99.83,5,R4,Strong Rock
PROMHILL,PH08D383,222.77,227.0,4.23,4.19,99.76,4.22,99.76,2,R4,Strong Rock
PROMHILL,PH08D383,227.0,234.83,7.83,7.83,100.0,7.83,100.0,1,R4,Strong Rock
PROMHILL,PH08D383,234.83,240.82,5.99,5.97,100.0,5.99,100.0,3,R4,Strong Rock
PROMHILL,PH08D383,240.82,246.81,5.99,5.91,100.0,5.83,97.33,11,R4,Strong Rock
PROMHILL,PH08D383,246.81,252.81,6.0,5.96,100.0,6.0,100.0,2,R4,Strong Rock
PROMHILL,PH08D383,252.81,254.22,1.41,1.4,100.0,1.41,100.0,3,R4,Strong Rock
PROMHILL,PH08D383,254.22,258.85,4.63,4.4,95.46,4.42,95.46,2,R4,Strong Rock
PROMHILL,PH08D383,258.85,263.47,4.62,4.59,100.0,4.62,100.0,3,R4,Strong Rock
PROMHILL,PH08D383,263.47,265.73,2.26,2.42,110.18,2.49,100.0,1,R4,Strong Rock
PROMHILL,PH08D383,265.73,270.79,5.06,5.06,100.0,4.97,98.22,6,R4,Strong Rock
PROMHILL,PH08D383,270.79,273.56,2.77,2.75,100.0,2.77,100.0,6,R4,Strong Rock
PROMHILL,PH08D383,273.56,275.29,1.73,1.62,100.0,1.58,91.33,15,R4,Strong Rock
PROMHILL,PH08D383,275.29,276.81,1.52,1.49,99.34,1.49,98.03,3,R4,Strong Rock
PROMHILL,PH08D383,276.81,282.39,5.58,5.27,99.82,4.92,88.17,33,R4,Strong Rock
PROMHILL,PH08D383,282.39,284.6,2.21,0.0,67.87,0.0,0.0,9999,R5,Very Strong Rock
PROMHILL,PH08D383,284.6,288.5,3.9,0.56,71.79,0.26,6.67,9999,R5,Very Strong Rock
PROMHILL,PH08D383,288.5,291.1,2.6,0.76,71.54,0.5,19.23,9999,R5,Very Strong Rock
PROMHILL,PH08D383,291.1,294.0,2.9,0.66,65.17,0.14,4.83,9999,R5,Very Strong Rock
PROMHILL,PH08D383,294.0,296.97,2.97,2.83,100.0,2.81,94.61,12,R5,Very Strong Rock
PROMHILL,PH08D383,296.97,298.0,1.03,0.9,98.06,0.11,10.68,24,R5,Very Strong Rock
PROMHILL,PH08D383,298.0,300.0,2.0,0.2,100.0,0.0,0.0,9999,R4,Strong Rock
PROMHILL,PH08D383,300.0,301.51,1.51,0.36,52.98,0.0,0.0,9999,R4,Strong Rock
PROMHILL,PH08D383,301.51,306.92,5.41,5.37,100.0,5.41,100.0,1,R4,Strong Rock
PROMHILL,PH08D383,306.92,309.0,2.08,1.88,100.0,1.93,92.79,9,R4,Strong Rock
PROMHILL,PH08D383,309.0,310.0,1.0,0.64,100.0,0.64,64.0,9999,R4,Strong Rock
PROMHILL,PH08D383,310.0,312.84,2.84,2.78,100.0,2.7,95.07,4,R4,Strong Rock
PROMHILL,PH08D383,312.84,318.79,5.95,5.88,100.0,5.95,100.0,2,R4,Strong Rock
PROMHILL,PH08D383,318.79,320.09,1.3,1.22,99.23,1.22,93.85,9,R4,Strong Rock
PROMHILL,PH08D383,320.09,321.69,1.6,1.04,87.5,0.84,52.5,32,R4,Strong Rock
PROMHILL,PH08D383,321.69,327.88,6.19,6.17,100.0,6.17,99.68,4,R4,Strong Rock
PROMHILL,PH08D383,327.88,333.94,6.06,5.94,98.35,5.92,97.69,6,R4,Strong Rock
PROMHILL,PH08D383,333.94,339.91,5.97,5.98,100.0,5.84,97.82,8,R4,Strong Rock
PROMHILL,PH08D383,339.91,344.21,4.3,4.21,100.0,4.09,95.12,8,R4,Strong Rock
PROMHILL,PH08D383,344.21,349.13,4.92,4.66,97.97,4.52,91.87,14,R4,Strong Rock
PROMHILL,PH08D383,349.13,351.93,2.8,2.73,100.0,2.77,98.93,5,R4,Strong Rock
PROMHILL,PH08D383,351.93,354.0,2.07,2.05,100.0,2.07,100.0,2,R4,Strong Rock
PROMHILL,PH08D383,354.0,355.0,1.0,0.88,90.0,0.79,79.0,9999,R4,Strong Rock
PROMHILL,PH08D383,355.0,357.88,2.88,2.84,100.0,2.88,100.0,3,R4,Strong Rock
PROMHILL,PH08D383,357.88,362.0,4.12,4.04,99.76,4.05,98.3,9,R4,Strong Rock
PROMHILL,PH08D383,362.0,363.0,1.0,0.89,100.0,0.72,72.0,9999,R4,Strong Rock
PROMHILL,PH08D383,363.0,364.15,1.15,1.12,100.0,1.08,93.91,2,R4,Strong Rock
PROMHILL,PH08D383,364.15,369.82,5.67,5.58,100.0,5.6,98.77,13,R4,Strong Rock
PROMHILL,PH08D383,369.82,371.35,1.53,1.46,100.0,1.31,85.62,4,R4,Strong Rock
PROMHILL,PH08D383,371.35,372.0,0.65,0.32,66.15,0.16,24.62,9999,R4,Strong Rock
PROMHILL,PH08D383,372.0,374.71,2.71,2.68,100.0,2.57,94.83,12,R4,Strong Rock
PROMHILL,PH08D383,374.71,379.0,4.29,4.26,100.0,4.11,95.8,17,R5,Very Strong Rock
PROMHILL,PH08D383,379.0,380.49,1.49,1.47,100.0,1.49,100.0,4,R4,Strong Rock
PROMHILL,PH08D383,380.49,385.0,4.51,4.47,100.44,4.51,100.0,4,R4,Strong Rock
PROMHILL,PH08D383,385.0,389.52,4.52,4.5,100.0,4.44,98.23,3,R4,Strong Rock
PROMHILL,PH08D383,389.52,392.79,3.27,3.16,100.0,2.98,91.13,24,R4,Strong Rock
PROMHILL,PH08D383,392.79,395.0,2.21,2.15,99.55,2.2,99.55,3,R4,Strong Rock
PROMHILL,PH08D383,395.0,396.0,1.0,0.65,70.0,0.53,53.0,9999,R4,Strong Rock
PROMHILL,PH08D383,396.0,399.27,3.27,3.21,100.0,3.27,100.0,6,R4,Strong Rock
PROMHILL,PH08D383,399.27,401.04,1.77,1.65,98.87,1.55,87.57,10,R4,Strong Rock
PROMHILL,PH08D383,401.04,405.25,4.21,4.14,98.34,4.14,98.34,6,R4,Strong Rock
PROMHILL,PH08D383,405.25,411.84,6.59,6.5,99.7,6.29,95.45,9,R4,Strong Rock
PROMHILL,PH08D383,411.84,416.2,4.36,4.34,99.54,4.11,94.27,13,R4,Strong Rock
PROMHILL,PH08D383,416.2,421.68,5.48,5.47,99.82,4.3,78.47,9,R4,Strong Rock
PROMHILL,PH08D383,421.68,427.96,6.28,6.24,99.36,6.16,98.09,16,R4,Strong Rock
PROMHILL,PH08D383,427.96,433.07,5.11,5.04,99.41,4.92,96.28,12,R4,Strong Rock
PROMHILL,PH08D383,433.07,435.57,2.5,2.39,99.2,2.24,89.6,5,R4,Strong Rock
PROMHILL,PH08D383,435.57,441.8,6.23,6.16,98.88,6.12,98.23,8,R4,Strong Rock
PROMHILL,PH08D383,441.8,447.5,5.7,5.66,100.18,5.66,99.3,10,R4,Strong Rock
PROMHILL,PH08D383,447.5,453.7,6.2,6.23,100.48,6.02,97.1,20,R4,Strong Rock
PROMHILL,PH08D383,453.7,460.2,6.5,6.43,98.92,6.13,94.31,14,R4,Strong Rock
PROMHILL,PH08D383,460.2,465.88,5.68,5.39,96.48,5.12,90.14,22,R4,Strong Rock
PROMHILL,PH08D383,465.88,469.0,3.12,3.12,100.0,3.12,100.0,2,R4,Strong Rock
PROMHILL,PH08D383,469.0,470.7,1.7,1.6,100.0,1.53,90.0,15,R4,Strong Rock
PROMHILL,PH08D383,470.7,477.93,7.23,7.23,100.0,7.23,100.0,4,R4,Strong Rock
PROMHILL,PH08D383,477.93,483.88,5.95,5.95,100.0,5.95,100.0,4,R4,Strong Rock
PROMHILL,PH08D383,483.88,489.89,6.01,6.0,99.83,6.0,99.83,6,R4,Strong Rock
PROMHILL,PH08D383,489.89,495.89,6.0,5.94,100.0,5.95,99.17,12,R4,Strong Rock
PROMHILL,PH08D383,495.89,501.94,6.05,6.04,99.83,6.04,99.83,4,R4,Strong Rock
PROMHILL,PH08D383,501.94,507.94,6.0,6.0,100.0,6.0,100.0,6,R4,Strong Rock
PROMHILL,PH08D383,507.94,513.93,5.99,6.0,100.17,5.85,97.66,7,R4,Strong Rock
PROMHILL,PH08D383,513.93,519.93,6.0,6.0,100.0,5.96,99.33,9,R4,Strong Rock
PROMHILL,PH08D383,519.93,525.89,5.96,5.96,100.0,5.96,100.0,6,R4,Strong Rock
PROMHILL,PH08D383,525.89,531.89,6.0,6.0,100.0,5.97,99.5,8,R4,Strong Rock
PROMHILL,PH08D383,531.89,537.86,5.97,5.94,100.0,5.9,98.83,16,R4,Strong Rock
PROMHILL,PH08D383,537.86,543.87,6.01,5.85,100.0,5.97,99.33,10,R4,Strong Rock
PROMHILL,PH08D383,543.87,549.86,5.99,5.96,100.0,5.96,99.5,3,R4,Strong Rock
PROMHILL,PH08D383,549.86,555.88,6.02,6.02,100.0,6.02,100.0,6,R4,Strong Rock
PROMHILL,PH08D383,555.88,561.85,5.97,5.97,100.0,5.97,100.0,4,R4,Strong Rock
PROMHILL,PH08D383,561.85,567.8,5.95,5.92,100.0,5.91,99.33,6,R4,Strong Rock
PROMHILL,PH08D383,567.8,573.86,6.06,6.05,100.0,6.06,100.0,4,R4,Strong Rock
PROMHILL,PH08D383,573.86,576.0,2.14,2.14,100.0,3.08,143.93,5,R4,Strong Rock
PROMHILL,PH08D383,576.0,577.0,1.0,0.88,100.0,0.79,79.0,19,R4,Strong Rock
PROMHILL,PH08D383,577.0,579.78,2.78,2.78,100.0,2.78,100.0,0,R4,Strong Rock
PROMHILL,PH08D383,579.78,585.75,5.97,5.92,100.0,5.97,100.0,4,R4,Strong Rock
PROMHILL,PH08D383,585.75,591.73,5.98,5.96,100.17,5.99,100.0,9,R4,Strong Rock
PROMHILL,PH08D383,591.73,597.7,5.97,5.91,99.83,5.9,98.83,5,R4,Strong Rock
PROMHILL,PH08D383,597.7,603.69,5.99,5.97,100.0,5.97,99.67,4,R4,Strong Rock
PROMHILL,PH08D383,603.69,609.6,5.91,5.8,99.83,5.78,97.8,6,R4,Strong Rock
PROMHILL,PH08D383,609.6,615.63,6.03,5.97,100.0,5.92,98.18,14,R4,Strong Rock
PROMHILL,PH08D383,615.63,621.66,6.03,5.98,100.0,6.03,100.0,11,R4,Strong Rock
PROMHILL,PH08D383,621.66,627.68,6.02,6.0,100.0,5.99,99.5,3,R4,Strong Rock
PROMHILL,PH08D383,627.68,630.88,3.2,3.16,99.69,3.17,99.06,3,R4,Strong Rock
PROMHILL,PH08D383,630.88,637.38,6.5,6.44,100.0,6.5,100.0,9,R4,Strong Rock
PROMHILL,PH08D383,637.38,642.68,5.3,5.25,99.81,5.29,99.81,3,R4,Strong Rock
PROMHILL,PH08D383,642.68,648.69,6.01,5.97,100.0,5.94,98.84,4,R4,Strong Rock
PROMHILL,PH08D383,648.69,654.74,6.05,6.02,99.83,6.04,99.83,1,R4,Strong Rock
PROMHILL,PH08D383,654.74,660.75,6.01,6.01,100.0,5.85,97.34,8,R4,Strong Rock
PROMHILL,PH08D383,660.75,665.27,4.52,4.51,99.78,4.46,98.67,7,R4,Strong Rock
PROMHILL,PH08D383,665.27,671.0,5.73,5.68,100.0,5.5,95.99,15,R4,Strong Rock
PROMHILL,PH08D383,671.0,676.0,5.0,4.92,100.0,4.64,92.8,15,R4,Strong Rock
PROMHILL,PH08D383,676.0,682.0,6.0,6.0,100.0,5.93,98.83,10,R4,Strong Rock
PROMHILL,PH08D383,682.0,688.0,6.0,6.0,100.0,5.92,98.67,6,R4,Strong Rock
PROMHILL,PH08D383,688.0,694.0,6.0,6.0,100.0,6.0,100.0,5,R4,Strong Rock
PROMHILL,PH08D383,694.0,699.0,5.0,5.0,100.0,4.75,95.0,13,R4,Strong Rock
PROMHILL,PH08D383,699.0,703.0,4.0,3.89,100.0,3.55,88.75,21,R4,Strong Rock
PROMHILL,PH08D383,703.0,709.0,6.0,5.95,100.0,5.81,96.83,12,R4,Strong Rock
PROMHILL,PH08D383,709.0,714.0,5.0,5.0,100.0,4.83,96.6,13,R4,Strong Rock
PROMHILL,PH08D383,714.0,720.0,6.0,5.98,100.0,5.98,99.67,8,R4,Strong Rock
PROMHILL,PH08D383,720.0,726.0,6.0,6.0,100.0,5.96,99.33,12,R4,Strong Rock
PROMHILL,PH08D383,726.0,732.0,6.0,6.0,100.0,5.75,95.83,12,R4,Strong Rock
PROMHILL,PH08D383,732.0,738.0,6.0,5.7,98.83,5.47,91.17,8,R4,Strong Rock
PROMHILL,PH08D383,738.0,744.0,6.0,5.36,95.83,5.22,87.0,12,R4,Strong Rock
PROMHILL,PH08D383,744.0,750.0,6.0,5.77,99.5,5.76,96.0,8,R4,Strong Rock
PROMHILL,PH08D383,750.0,756.0,6.0,5.66,100.17,5.66,94.33,15,R4,Strong Rock
PROMHILL,PH08D383,756.0,762.0,6.0,4.74,99.0,5.37,89.5,18,R4,Strong Rock
PROMHILL,PH08D383,762.0,768.0,6.0,5.68,98.5,5.68,94.67,11,R4,Strong Rock
PROMHILL,PH08D383,768.0,774.0,6.0,5.69,98.83,5.65,94.17,7,R4,Strong Rock
PROMHILL,PH08D383,774.0,778.9,4.9,4.59,95.92,4.48,91.43,9,R4,Strong Rock
PROMHILL,PH08D383,778.9,785.0,6.1,6.2,102.3,5.96,97.7,7,R4,Strong Rock
PROMHILL,PH08D383,785.0,791.0,6.0,5.58,96.17,5.58,93.0,5,R4,Strong Rock
PROMHILL,PH08D383,791.0,795.5,4.5,3.76,96.0,3.53,78.44,12,R4,Strong Rock
PROMHILL,PH08D383,795.5,800.0,4.5,4.26,97.56,4.1,91.11,15,R4,Strong Rock
PROMHILL,PH08D383,800.0,806.0,6.0,6.01,100.17,5.71,95.17,14,R4,Strong Rock
PROMHILL,PH08D383,806.0,812.0,6.0,6.0,100.0,5.85,97.5,7,R4,Strong Rock
PROMHILL,PH08D383,812.0,816.0,4.0,4.0,100.0,3.92,98.0,15,R4,Strong Rock
PROMHILL,PH08D383,816.0,822.0,6.0,6.0,100.0,5.88,98.0,6,R4,Strong Rock
PROMHILL,PH08D383,822.0,828.0,6.0,5.98,100.0,5.77,96.17,15,R4,Strong Rock
PROMHILL,PH08D383,828.0,832.0,4.0,4.0,100.0,2.81,70.25,7,R4,Strong Rock
PROMHILL,PH08D383,832.0,838.0,6.0,6.0,100.0,5.71,95.17,13,R4,Strong Rock
PROMHILL,PH08D383,838.0,844.0,6.0,5.93,100.0,5.8,96.67,10,R4,Strong Rock
PROMHILL,PH08D383,844.0,850.0,6.0,6.0,100.0,6.0,100.0,4,R4,Strong Rock
PROMHILL,PH08D383,850.0,856.0,6.0,5.8,100.0,5.65,94.17,9,R4,Strong Rock
PROMHILL,PH08D383,856.0,860.45,4.45,4.39,100.0,4.39,98.65,9,R4,Strong Rock
PROMHILL,PH08D383,860.45,865.0,4.55,4.55,100.0,4.46,98.02,5,R4,Strong Rock
PROMHILL,PH08D383,865.0,867.64,2.64,2.64,100.0,2.64,100.0,3,R4,Strong Rock
PROMHILL,PH08D383,867.64,872.0,4.36,4.46,102.29,4.46,100.0,4,R5,Very Strong Rock
PROMHILL,PH08D383,872.0,878.0,6.0,6.0,100.0,6.0,100.0,3,R5,Very Strong Rock
PROMHILL,PH08D383,878.0,884.0,6.0,6.0,100.0,6.0,100.0,6,R5,Very Strong Rock
PROMHILL,PH08D383,884.0,890.0,6.0,6.0,100.0,6.0,100.0,7,R5,Very Strong Rock
PROMHILL,PH08D383,890.0,896.0,6.0,6.0,100.0,5.96,99.33,10,R5,Very Strong Rock
PROMHILL,PH08D383,896.0,902.0,6.0,6.0,100.0,6.0,100.0,3,R5,Very Strong Rock
PROMHILL,PH08D383,902.0,908.0,6.0,6.0,100.0,6.0,100.0,4,R5,Very Strong Rock
PROMHILL,PH08D383,908.0,914.0,6.0,6.0,100.0,6.0,100.0,4,R5,Very Strong Rock
PROMHILL,PH08D383,914.0,920.0,6.0,6.0,100.0,6.0,100.0,9,R5,Very Strong Rock
PROMHILL,PH08D383,920.0,926.0,6.0,6.0,100.0,6.0,100.0,7,R5,Very Strong Rock
PROMHILL,PH08D383,926.0,932.0,6.0,6.0,100.0,6.0,100.0,5,R5,Very Strong Rock
PROMHILL,PH08D383,932.0,934.5,2.5,2.5,100.0,2.5,100.0,1,R5,Very Strong Rock
PROMHILL,PH08D383,934.5,940.0,5.5,5.51,100.18,5.51,100.0,4,R4,Strong Rock
PROMHILL,PH08D383,940.0,946.0,6.0,6.0,100.0,5.93,98.83,6,R4,Strong Rock
PROMHILL,PH08D383,946.0,952.0,6.0,5.91,98.5,5.91,98.5,3,R5,Very Strong Rock
PROMHILL,PH08D383,952.0,952.89,0.89,0.62,100.0,0.57,64.04,9,R4,Strong Rock
PROMHILL,PH08D383,952.89,955.8,2.91,2.86,99.31,2.59,89.0,7,R4,Strong Rock
PROMHILL,PH08D383,955.8,962.0,6.2,6.19,99.84,6.05,97.58,10,R5,Very Strong Rock
PROMHILL,PH08D383,962.0,968.05,6.05,6.05,100.0,5.93,98.02,11,R5,Very Strong Rock
PROMHILL,PH08D383,968.05,974.0,5.95,5.96,100.17,5.8,97.48,5,R5,Very Strong Rock
PROMHILL,PH08D383,974.0,980.0,6.0,6.0,100.0,5.55,92.5,12,R5,Very Strong Rock
PROMHILL,PH08D383,980.0,983.47,3.47,3.47,100.0,3.47,100.0,2,R5,Very Strong Rock
PROMHILL,PH08D383,983.47,989.0,5.53,5.53,100.0,5.53,100.0,2,R5,Very Strong Rock
PROMHILL,PH08D383,989.0,993.0,4.0,3.57,95.0,3.48,87.0,10,R5,Very Strong Rock
PROMHILL,PH08D383,993.0,997.0,4.0,4.0,100.0,3.79,94.75,7,R5,Very Strong Rock
PROMHILL,PH08D383,997.0,1000.19,3.19,3.19,100.0,3.16,99.06,6,R5,Very Strong Rock
PROMHILL,PH08D383,1000.19,1006.0,5.81,4.98,95.35,4.74,81.58,13,R4,Strong Rock
PROMHILL,PH08D383,1006.0,1012.0,6.0,5.9,98.33,5.47,91.17,7,R4,Strong Rock
PROMHILL,PH08D383,1012.0,1016.3,4.3,4.2,97.67,4.2,97.67,4,R4,Strong Rock
PROMHILL,PH08D385,135.6,136.0,0.4,0.0,100.0,0.0,0.0,9999,S2,Soft Clay
PROMHILL,PH08D385,136.0,137.0,1.0,0.89,100.0,0.72,72.0,56,R4,Strong Rock
PROMHILL,PH08D385,137.0,137.4,0.4,0.0,100.0,0.0,0.0,9999,R4,Strong Rock
PROMHILL,PH08D385,137.4,138.9,1.5,1.15,100.0,0.88,58.67,35,R4,Strong Rock
PROMHILL,PH08D385,138.9,140.0,1.1,1.0,97.27,0.98,89.09,5,R4,Strong Rock
PROMHILL,PH08D385,140.0,143.0,3.0,2.31,90.0,1.8,60.0,45,R4,Strong Rock
PROMHILL,PH08D385,143.0,148.0,5.0,1.71,86.0,0.73,14.6,9999,R4,Strong Rock
PROMHILL,PH08D385,148.0,152.0,4.0,3.32,99.25,2.45,61.25,52,R4,Strong Rock
PROMHILL,PH08D385,152.0,156.0,4.0,3.72,100.5,2.77,69.25,48,R4,Strong Rock
PROMHILL,PH08D385,156.0,160.0,4.0,3.23,100.0,1.27,31.75,9999,R4,Strong Rock
PROMHILL,PH08D385,160.0,164.55,4.55,4.08,99.56,1.88,41.32,37,R4,Strong Rock
PROMHILL,PH08D385,164.55,164.75,0.2,0.0,100.0,0.0,0.0,9999,R4,Strong Rock
PROMHILL,PH08D385,164.75,168.0,3.25,3.15,100.0,3.0,92.31,17,R4,Strong Rock
PROMHILL,PH08D385,168.0,172.0,4.0,3.66,95.0,3.38,84.5,14,R4,Strong Rock
PROMHILL,PH08D385,172.0,176.0,4.0,3.82,99.75,3.32,83.0,24,R4,Strong Rock
PROMHILL,PH08D385,176.0,180.0,4.0,3.0,95.5,1.86,46.5,9999,R4,Strong Rock
PROMHILL,PH08D385,180.0,184.0,4.0,3.82,100.0,3.42,85.5,26,R4,Strong Rock
PROMHILL,PH08D385,184.0,188.0,4.0,3.39,95.0,2.25,56.25,51,R4,Strong Rock
PROMHILL,PH08D385,188.0,189.5,1.5,1.48,100.0,1.3,86.67,11,R4,Strong Rock
PROMHILL,PH08D385,189.5,193.0,3.5,2.29,98.86,2.09,59.71,19,R4,Strong Rock
PROMHILL,PH08D385,193.0,197.0,4.0,3.95,100.0,3.83,95.75,17,R4,Strong Rock
PROMHILL,PH08D385,197.0,200.0,3.0,2.38,87.67,2.1,70.0,44,R4,Strong Rock
PROMHILL,PH08D385,200.0,204.0,4.0,3.98,100.0,3.81,95.25,9,R4,Strong Rock
PROMHILL,PH08D385,204.0,210.0,6.0,3.59,100.0,2.92,48.67,30,R4,Strong Rock
PROMHILL,PH08D385,210.0,215.0,5.0,4.88,99.6,4.49,89.8,22,R4,Strong Rock
PROMHILL,PH08D385,215.0,221.0,6.0,4.52,99.33,1.5,25.0,9999,R4,Strong Rock
PROMHILL,PH08D385,221.0,227.0,6.0,5.93,100.33,5.55,92.5,32,R4,Strong Rock
PROMHILL,PH08D385,227.0,233.0,6.0,5.94,100.17,5.67,94.5,21,R4,Strong Rock
PROMHILL,PH08D385,233.0,237.3,4.3,3.29,100.7,3.18,73.95,6,R4,Strong Rock
PROMHILL,PH08D385,237.3,239.0,1.7,1.38,98.82,0.95,55.88,35,R4,Strong Rock
PROMHILL,PH08D385,239.0,245.0,6.0,5.39,100.0,5.08,84.67,13,R4,Strong Rock
PROMHILL,PH08D385,245.0,249.3,4.3,4.3,100.0,4.14,96.28,11,R4,Strong Rock
PROMHILL,PH08D385,249.3,254.0,4.7,4.5,99.79,4.21,89.57,19,R4,Strong Rock
PROMHILL,PH08D385,254.0,260.0,6.0,5.58,100.0,5.58,93.0,3,R4,Strong Rock
PROMHILL,PH08D385,260.0,265.0,5.0,4.87,100.0,4.54,90.8,15,R4,Strong Rock
PROMHILL,PH08D385,265.0,270.0,5.0,5.0,100.0,4.45,89.0,16,R4,Strong Rock
PROMHILL,PH08D385,270.0,274.8,4.8,4.78,100.21,4.36,90.83,13,R4,Strong Rock
PROMHILL,PH08D385,274.8,280.0,5.2,4.34,96.15,2.98,57.31,9999,R4,Strong Rock
PROMHILL,PH08D385,280.0,285.42,5.42,5.36,100.0,5.27,97.23,5,R4,Strong Rock
PROMHILL,PH08D385,285.42,290.28,4.86,4.54,101.03,3.72,76.54,38,R4,Strong Rock
PROMHILL,PH08D385,290.28,291.0,0.72,0.6,102.78,0.37,51.39,14,R4,Strong Rock
PROMHILL,PH08D385,291.0,295.58,4.58,4.57,100.0,4.46,97.38,6,R4,Strong Rock
PROMHILL,PH08D385,295.58,298.0,2.42,2.25,102.48,1.71,70.66,22,R4,Strong Rock
PROMHILL,PH08D385,298.0,303.21,5.21,5.2,100.0,5.07,97.31,7,R4,Strong Rock
PROMHILL,PH08D385,303.21,304.0,0.79,0.27,100.0,0.1,12.66,32,R4,Strong Rock
PROMHILL,PH08D385,304.0,309.0,5.0,4.71,100.0,4.42,88.4,25,R4,Strong Rock
PROMHILL,PH08D385,309.0,312.0,3.0,2.88,100.0,2.48,82.67,20,R4,Strong Rock
PROMHILL,PH08D385,312.0,315.0,3.0,2.91,100.0,2.37,79.0,16,R4,Strong Rock
PROMHILL,PH08D385,315.0,320.0,5.0,4.65,100.0,4.23,84.6,22,R4,Strong Rock
PROMHILL,PH08D385,320.0,324.0,4.0,3.89,100.0,3.64,91.0,20,R4,Strong Rock
PROMHILL,PH08D385,324.0,327.61,3.61,3.57,100.0,5.21,144.32,19,R4,Strong Rock
PROMHILL,PH08D385,327.61,329.0,1.39,0.59,94.24,0.12,8.63,16,R3,Medium Strong Rock
PROMHILL,PH08D385,329.0,335.0,6.0,5.57,100.0,5.38,89.67,10,R4,Strong Rock
PROMHILL,PH08D385,335.0,339.0,4.0,3.87,100.0,3.42,85.5,18,R4,Strong Rock
PROMHILL,PH08D385,339.0,342.8,3.8,3.76,100.0,3.6,94.74,9,R4,Strong Rock
PROMHILL,PH08D385,342.8,344.0,1.2,0.27,100.0,0.11,9.17,9999,R4,Strong Rock
PROMHILL,PH08D385,344.0,347.0,3.0,1.23,100.0,1.11,37.0,9999,R4,Strong Rock
PROMHILL,PH08D385,347.0,351.0,4.0,0.79,100.0,0.53,13.25,9999,R4,Strong Rock
PROMHILL,PH08D385,351.0,356.0,5.0,1.42,100.0,0.99,19.8,9999,R4,Strong Rock
PROMHILL,PH08D385,356.0,356.39,0.39,0.0,100.0,0.0,0.0,9999,R4,Strong Rock
PROMHILL,PH08D385,356.39,362.0,5.61,3.02,99.47,1.59,28.34,51,R4,Strong Rock
PROMHILL,PH08D385,362.0,367.0,5.0,4.86,100.0,4.33,86.6,29,R4,Strong Rock
PROMHILL,PH08D385,367.0,372.15,5.15,5.15,100.0,4.92,95.53,15,R4,Strong Rock
PROMHILL,PH08D385,372.15,376.0,3.85,3.75,100.0,3.61,93.77,9,R4,Strong Rock
PROMHILL,PH08D385,376.0,379.61,3.61,3.24,94.46,2.99,82.83,19,R4,Strong Rock
PROMHILL,PH08D385,379.61,380.0,0.39,0.11,97.44,0.0,0.0,9999,R4,Strong Rock
PROMHILL,PH08D385,380.0,382.32,2.32,2.25,100.0,2.09,90.09,6,R4,Strong Rock
PROMHILL,PH08D385,382.32,387.06,4.74,4.73,99.79,4.73,99.79,6,R4,Strong Rock
PROMHILL,PH08D385,387.06,389.0,1.94,1.85,99.48,1.48,76.29,14,R4,Strong Rock
PROMHILL,PH08D385,389.0,392.13,3.13,2.85,100.0,2.29,73.16,23,R4,Strong Rock
PROMHILL,PH08D385,392.13,397.7,5.57,5.56,100.0,5.33,95.69,10,R5,Very Strong Rock
PROMHILL,PH08D385,397.7,402.64,4.94,4.84,99.8,4.43,89.68,15,R5,Very Strong Rock
PROMHILL,PH08D385,402.64,405.53,2.89,2.89,100.0,2.42,83.74,12,R5,Very Strong Rock
PROMHILL,PH08D385,405.53,406.2,0.67,0.39,98.51,0.1,14.93,16,R5,Very Strong Rock
PROMHILL,PH08D385,406.2,408.0,1.8,1.63,100.0,1.31,72.78,19,R5,Very Strong Rock
PROMHILL,PH08D385,408.0,412.43,4.43,4.24,100.0,3.88,87.58,21,R5,Very Strong Rock
PROMHILL,PH08D385,412.43,415.48,3.05,2.62,99.67,2.09,68.52,26,R4,Strong Rock
PROMHILL,PH08D385,415.48,416.28,0.8,0.08,100.0,0.0,0.0,9999,R4,Strong Rock
PROMHILL,PH08D385,416.28,421.0,4.72,4.57,99.58,4.14,87.71,22,R4,Strong Rock
PROMHILL,PH08D385,421.0,423.0,2.0,1.58,100.0,0.94,47.0,24,R4,Strong Rock
PROMHILL,PH08D385,423.0,429.0,6.0,5.25,96.67,4.79,79.83,24,R4,Strong Rock
PROMHILL,PH08D385,429.0,435.0,6.0,5.36,99.33,5.04,84.0,14,R4,Strong Rock
PROMHILL,PH08D385,435.0,440.0,5.0,4.97,99.4,4.75,95.0,4,R4,Strong Rock
PROMHILL,PH08D385,440.0,444.1,4.1,4.07,99.27,4.07,99.27,2,R4,Strong Rock
PROMHILL,PH08D385,444.1,445.0,0.9,0.82,100.0,0.64,71.11,9999,R4,Strong Rock
PROMHILL,PH08D385,445.0,447.59,2.59,2.58,100.0,2.59,100.0,2,R4,Strong Rock
PROMHILL,PH08D385,447.59,453.91,6.32,6.32,100.0,6.32,100.0,4,R4,Strong Rock
PROMHILL,PH08D385,453.91,459.89,5.98,5.98,100.0,5.98,100.0,3,R5,Very Strong Rock
PROMHILL,PH08D385,459.89,463.8,3.91,3.71,100.0,3.83,97.95,27,R5,Very Strong Rock
PROMHILL,PH08D385,463.8,467.93,4.13,4.1,100.0,3.92,94.92,9,R5,Very Strong Rock
PROMHILL,PH08D385,467.93,471.26,3.33,3.31,100.0,3.21,96.4,9,R5,Very Strong Rock
PROMHILL,PH08D385,471.26,477.0,5.74,5.09,97.91,4.7,81.88,14,R4,Strong Rock
PROMHILL,PH08D385,477.0,483.0,6.0,4.61,97.0,3.52,58.67,28,R4,Strong Rock
PROMHILL,PH08D385,483.0,489.0,6.0,5.35,99.67,4.85,80.83,10,R4,Strong Rock
PROMHILL,PH08D385,489.0,491.5,2.5,2.17,97.6,1.82,72.8,6,R4,Strong Rock
PROMHILL,PH08D385,491.5,497.0,5.5,2.98,90.36,2.67,48.55,25,R4,Strong Rock
PROMHILL,PH08D385,497.0,503.0,6.0,4.08,92.83,3.64,60.67,30,R4,Strong Rock
PROMHILL,PH08D385,503.0,505.0,2.0,0.23,77.5,0.0,0.0,9999,R4,Strong Rock
PROMHILL,PH08D385,505.0,507.94,2.94,2.74,100.0,2.74,93.2,18,R4,Strong Rock
PROMHILL,PH08D385,507.94,509.24,1.3,1.28,100.0,0.43,33.08,13,R4,Strong Rock
PROMHILL,PH08D385,509.24,513.89,4.65,4.51,100.0,4.49,96.56,15,R4,Strong Rock
PROMHILL,PH08D385,513.89,516.88,2.99,2.6,99.67,2.68,89.63,22,R4,Strong Rock
PROMHILL,PH08D385,516.88,517.23,0.35,0.03,100.0,0.0,0.0,16,R4,Strong Rock
PROMHILL,PH08D385,517.23,517.95,0.72,0.62,100.0,0.69,95.83,1,R4,Strong Rock
PROMHILL,PH08D385,517.95,519.0,1.05,0.0,80.95,0.0,0.0,9999,R4,Strong Rock
PROMHILL,PH08D385,519.0,521.67,2.67,2.54,100.0,2.52,94.38,18,R4,Strong Rock
PROMHILL,PH08D385,521.67,523.38,1.71,1.67,100.0,1.49,87.13,8,R4,Strong Rock
PROMHILL,PH08D385,523.38,523.67,0.29,0.0,100.0,0.0,0.0,9999,R3,Medium Strong Rock
PROMHILL,PH08D385,523.67,525.95,2.28,2.07,100.0,1.76,77.19,18,R4,Strong Rock
PROMHILL,PH08D385,525.95,528.56,2.61,1.08,84.67,0.88,33.72,44,R4,Strong Rock
PROMHILL,PH08D385,528.56,531.04,2.48,2.36,99.19,2.39,96.37,12,R4,Strong Rock
PROMHILL,PH08D385,531.04,531.32,0.28,0.0,100.0,0.0,0.0,9999,R4,Strong Rock
PROMHILL,PH08D385,531.32,532.39,1.07,1.05,100.0,1.02,95.33,3,R4,Strong Rock
PROMHILL,PH08D385,532.39,535.61,3.22,2.74,99.69,2.87,89.13,21,R4,Strong Rock
PROMHILL,PH08D385,535.61,539.16,3.55,1.89,91.55,1.04,29.3,63,R4,Strong Rock
PROMHILL,PH08D385,539.16,540.2,1.04,0.0,100.0,0.0,0.0,36,R4,Strong Rock
PROMHILL,PH08D385,540.2,541.65,1.45,1.3,100.0,1.08,74.48,20,R4,Strong Rock
PROMHILL,PH08D385,541.65,543.93,2.28,2.15,99.56,2.09,91.67,10,R4,Strong Rock
PROMHILL,PH08D385,543.93,549.96,6.03,5.9,100.0,5.88,97.51,7,R4,Strong Rock
PROMHILL,PH08D385,549.96,555.76,5.8,5.72,100.0,5.45,93.97,17,R4,Strong Rock
PROMHILL,PH08D385,555.76,561.95,6.19,6.17,100.0,6.03,97.42,9,R4,Strong Rock
PROMHILL,PH08D385,561.95,565.23,3.28,3.27,100.0,3.19,97.26,5,R4,Strong Rock
PROMHILL,PH08D385,565.23,571.66,6.43,6.44,100.16,6.38,99.22,13,R4,Strong Rock
PROMHILL,PH08D385,571.66,574.0,2.34,2.35,100.43,2.35,100.0,1,R4,Strong Rock
PROMHILL,PH08D385,574.0,580.0,6.0,6.0,100.0,6.0,100.0,1,R4,Strong Rock
PROMHILL,PH08D385,580.0,586.0,6.0,5.98,100.0,5.94,99.0,6,R4,Strong Rock
PROMHILL,PH08D385,586.0,592.0,6.0,6.0,100.0,6.0,100.0,3,R4,Strong Rock
PROMHILL,PH08D385,592.0,599.2,7.2,7.2,100.0,7.07,98.19,20,R4,Strong Rock
PROMHILL,PH08D385,599.2,601.74,2.54,2.49,100.0,1.17,46.06,21,R3,Medium Strong Rock
PROMHILL,PH08D385,601.74,603.05,1.31,0.9,96.95,0.27,20.61,24,R3,Medium Strong Rock
PROMHILL,PH08D385,603.05,606.88,3.83,3.82,99.74,3.56,92.95,14,R4,Strong Rock
PROMHILL,PH08D385,606.88,613.0,6.12,6.13,100.16,5.89,96.24,13,R4,Strong Rock
PROMHILL,PH08D385,613.0,619.0,6.0,6.0,100.0,5.72,95.33,13,R4,Strong Rock
PROMHILL,PH08D385,619.0,625.0,6.0,6.0,100.0,5.59,93.17,9,R4,Strong Rock
PROMHILL,PH08D385,625.0,631.0,6.0,6.0,100.0,5.7,95.0,20,R4,Strong Rock
PROMHILL,PH08D385,631.0,637.0,6.0,5.9,100.0,5.67,94.5,25,R4,Strong Rock
PROMHILL,PH08D385,637.0,643.0,6.0,6.0,100.0,5.11,85.17,32,R4,Strong Rock
PROMHILL,PH08D385,643.0,649.0,6.0,6.0,100.0,5.92,98.67,12,R4,Strong Rock
PROMHILL,PH08D385,649.0,655.0,6.0,6.0,100.0,5.9,98.33,7,R4,Strong Rock
PROMHILL,PH08D385,655.0,661.0,6.0,5.93,100.0,5.75,95.83,9,R4,Strong Rock
PROMHILL,PH08D385,661.0,667.0,6.0,6.0,100.0,6.0,100.0,5,R4,Strong Rock
PROMHILL,PH08D385,667.0,669.26,2.26,2.26,100.0,2.02,89.38,10,R4,Strong Rock
PROMHILL,PH08D385,669.26,669.6,0.34,0.06,67.65,0.0,0.0,9999,R4,Strong Rock
PROMHILL,PH08D385,669.6,673.0,3.4,3.4,100.0,3.34,98.24,7,R4,Strong Rock
PROMHILL,PH08D385,673.0,679.0,6.0,6.0,100.0,6.0,100.0,2,R4,Strong Rock
PROMHILL,PH08D385,679.0,684.9,5.9,5.94,100.0,5.9,100.0,7,R4,Strong Rock
PROMHILL,PH08D386,149.5,153.68,4.18,3.9,94.02,3.8,90.91,8,R4,Strong Rock
PROMHILL,PH08D386,153.68,154.2,0.52,0.0,53.85,0.0,0.0,9999,R4,Strong Rock
PROMHILL,PH08D386,154.2,156.51,2.31,2.18,97.84,2.1,90.91,12,R4,Strong Rock
PROMHILL,PH08D386,156.51,158.26,1.75,1.74,99.43,1.56,89.14,4,R4,Strong Rock
PROMHILL,PH08D386,158.26,161.79,3.53,3.43,101.13,3.31,93.77,20,R4,Strong Rock
PROMHILL,PH08D386,161.79,163.65,1.86,1.28,96.77,1.28,68.82,18,R4,Strong Rock
PROMHILL,PH08D386,163.65,165.32,1.67,0.48,97.01,0.0,0.0,9999,R4,Strong Rock
PROMHILL,PH08D386,165.32,168.93,3.61,3.6,101.94,3.35,92.8,16,R4,Strong Rock
PROMHILL,PH08D386,168.93,174.96,6.03,6.05,100.33,5.84,96.85,25,R4,Strong Rock
PROMHILL,PH08D386,174.96,179.47,4.51,4.5,99.78,4.4,97.56,13,R4,Strong Rock
PROMHILL,PH08D386,179.47,185.87,6.4,6.48,101.25,6.39,99.84,15,R4,Strong Rock
PROMHILL,PH08D386,185.87,192.11,6.24,6.23,99.84,5.85,93.75,15,R4,Strong Rock
PROMHILL,PH08D386,192.11,193.07,0.96,0.99,103.13,0.95,98.96,5,R4,Strong Rock
PROMHILL,PH08D386,193.07,193.41,0.34,0.0,88.24,0.0,0.0,9999,R4,Strong Rock
PROMHILL,PH08D386,193.41,196.43,3.02,2.92,100.0,2.77,91.72,14,R4,Strong Rock
PROMHILL,PH08D386,196.43,198.5,2.07,2.04,98.55,2.04,98.55,2,R4,Strong Rock
PROMHILL,PH08D386,198.5,204.89,6.39,6.4,100.16,6.22,97.34,14,R4,Strong Rock
PROMHILL,PH08D386,204.89,210.97,6.08,6.06,99.67,5.61,92.27,14,R4,Strong Rock
PROMHILL,PH08D386,210.97,213.37,2.4,2.41,100.42,2.41,100.0,1,R4,Strong Rock
PROMHILL,PH08D386,213.37,216.2,2.83,2.79,98.94,2.32,81.98,47,R4,Strong Rock
PROMHILL,PH08D386,216.2,221.0,4.8,4.66,100.21,4.36,90.83,23,R4,Strong Rock
PROMHILL,PH08D386,221.0,223.0,2.0,0.96,89.0,0.66,33.0,9999,R4,Strong Rock
PROMHILL,PH08D386,223.0,225.2,2.2,2.12,99.09,2.06,93.64,20,R4,Strong Rock
PROMHILL,PH08D386,225.2,226.0,0.8,0.23,47.5,0.0,0.0,9999,R4,Strong Rock
PROMHILL,PH08D386,226.0,231.2,5.2,4.28,95.77,3.24,62.31,9999,R4,Strong Rock
PROMHILL,PH08D386,231.2,235.1,3.9,2.18,99.23,1.1,28.21,85,R4,Strong Rock
PROMHILL,PH08D386,235.1,240.9,5.8,5.54,98.28,4.22,72.76,54,R4,Strong Rock
PROMHILL,PH08D386,240.9,244.0,3.1,3.0,101.94,2.53,81.61,33,R4,Strong Rock
PROMHILL,PH08D386,244.0,247.4,3.4,3.24,98.53,2.8,82.35,17,R4,Strong Rock
PROMHILL,PH08D386,247.4,249.44,2.04,2.13,104.9,1.99,97.55,7,R4,Strong Rock
PROMHILL,PH08D386,249.44,250.0,0.56,0.07,100.0,0.07,12.5,9999,R4,Strong Rock
PROMHILL,PH08D386,250.0,253.9,3.9,3.02,85.13,2.7,69.23,45,R4,Strong Rock
PROMHILL,PH08D386,253.9,260.0,6.1,6.12,101.31,5.56,91.15,21,R4,Strong Rock
PROMHILL,PH08D386,260.0,266.5,6.5,6.72,103.69,6.58,100.0,9,R4,Strong Rock
PROMHILL,PH08D386,266.5,273.2,6.7,6.63,99.1,6.42,95.82,7,R4,Strong Rock
PROMHILL,PH08D386,273.2,278.0,4.8,4.68,100.21,4.51,93.96,13,R4,Strong Rock
PROMHILL,PH08D386,278.0,279.5,1.5,1.39,99.33,0.96,64.0,24,R4,Strong Rock
PROMHILL,PH08D386,279.5,285.9,6.4,6.36,100.0,6.03,94.22,31,R4,Strong Rock
PROMHILL,PH08D386,285.9,291.9,6.0,6.59,100.0,6.59,100.0,3,R4,Strong Rock
PROMHILL,PH08D386,291.9,297.9,6.0,6.58,100.0,6.55,100.0,5,R4,Strong Rock
PROMHILL,PH08D386,297.9,303.9,6.0,6.58,100.0,6.49,100.0,6,R4,Strong Rock
PROMHILL,PH08D386,303.9,309.9,6.0,5.92,99.67,5.86,97.67,6,R4,Strong Rock
PROMHILL,PH08D386,309.9,315.9,6.0,6.01,100.33,6.01,100.0,3,R4,Strong Rock
PROMHILL,PH08D386,315.9,321.9,6.0,6.0,100.0,6.0,100.0,0,R4,Strong Rock
PROMHILL,PH08D386,321.9,327.9,6.0,5.97,99.5,5.97,99.5,0,R4,Strong Rock
PROMHILL,PH08D386,327.9,333.9,6.0,6.03,100.67,6.03,100.0,2,R4,Strong Rock
PROMHILL,PH08D386,333.9,339.9,6.0,5.98,99.67,5.98,99.67,0,R4,Strong Rock
PROMHILL,PH08D386,339.9,345.9,6.0,5.97,99.5,5.97,99.5,0,R4,Strong Rock
PROMHILL,PH08D386,345.9,351.9,6.0,6.0,100.0,6.0,100.0,4,R4,Strong Rock
PROMHILL,PH08D386,351.9,357.9,6.0,6.0,100.0,6.0,100.0,0,R4,Strong Rock
PROMHILL,PH08D386,357.9,363.9,6.0,5.98,100.0,5.98,99.67,4,R4,Strong Rock
PROMHILL,PH08D386,363.9,369.9,6.0,6.01,100.5,6.01,100.0,0,R4,Strong Rock
PROMHILL,PH08D386,369.9,375.9,6.0,5.94,99.67,5.86,97.67,6,R4,Strong Rock
PROMHILL,PH08D386,375.9,381.9,6.0,5.96,99.67,5.88,98.0,7,R4,Strong Rock
PROMHILL,PH08D386,381.9,387.9,6.0,5.93,99.67,5.89,98.17,7,R4,Strong Rock
PROMHILL,PH08D386,387.9,393.9,6.0,5.99,100.67,5.92,98.67,8,R4,Strong Rock
PROMHILL,PH08D386,393.9,399.9,6.0,5.87,98.67,5.79,96.5,5,R4,Strong Rock
PROMHILL,PH08D386,399.9,405.9,6.0,5.75,100.33,5.53,92.17,20,R4,Strong Rock
PROMHILL,PH08D386,405.9,407.92,2.02,2.11,105.45,2.11,100.0,3,R4,Strong Rock
PROMHILL,PH08D386,407.92,414.0,6.08,5.52,95.72,5.42,89.14,13,R4,Strong Rock
PROMHILL,PH08D386,414.0,420.0,6.0,5.97,99.5,5.97,99.5,1,R4,Strong Rock
PROMHILL,PH08D386,420.0,426.0,6.0,5.9,99.17,5.9,98.33,4,R4,Strong Rock
PROMHILL,PH08D386,426.0,432.0,6.0,5.97,99.5,5.97,99.5,3,R4,Strong Rock
PROMHILL,PH08D386,432.0,438.0,6.0,5.99,99.83,5.99,99.83,2,R4,Strong Rock
PROMHILL,PH08D386,438.0,444.0,6.0,5.77,99.83,5.66,94.33,7,R4,Strong Rock
PROMHILL,PH08D386,444.0,450.0,6.0,5.85,98.17,5.85,97.5,4,R4,Strong Rock
PROMHILL,PH08D386,450.0,456.0,6.0,5.08,93.0,4.96,82.67,18,R4,Strong Rock
PROMHILL,PH08D386,456.0,462.0,6.0,5.92,98.67,5.81,96.83,6,R4,Strong Rock
PROMHILL,PH08D386,462.0,468.0,6.0,5.99,99.83,5.98,99.67,4,R4,Strong Rock
PROMHILL,PH08D386,468.0,474.0,6.0,5.92,98.67,5.76,96.0,8,R4,Strong Rock
PROMHILL,PH08D386,474.0,475.0,1.0,1.94,198.0,1.88,188.0,8,R4,Strong Rock
PROMHILL,PH08D386,475.0,478.0,3.0,2.78,99.33,2.15,71.67,48,R4,Strong Rock
PROMHILL,PH08D386,478.0,481.3,3.3,3.26,99.7,3.22,97.58,6,R4,Strong Rock
PROMHILL,PH08D386,481.3,484.8,3.5,3.4,98.57,3.24,92.57,17,R4,Strong Rock
PROMHILL,PH08D386,484.8,491.2,6.4,6.44,100.94,6.35,99.22,6,R4,Strong Rock
PROMHILL,PH08D386,491.2,497.6,6.4,6.35,99.38,6.35,99.22,4,R4,Strong Rock
PROMHILL,PH08D386,497.6,501.0,3.4,3.27,100.29,3.02,88.82,28,R4,Strong Rock
PROMHILL,PH08D386,501.0,504.0,3.0,3.05,101.67,3.02,100.0,3,R4,Strong Rock
PROMHILL,PH08D386,504.0,510.5,6.5,6.13,95.38,6.0,92.31,17,R4,Strong Rock
PROMHILL,PH08D386,510.5,514.0,3.5,3.75,107.14,3.68,100.0,7,R4,Strong Rock
PROMHILL,PH08D386,514.0,520.0,6.0,6.0,100.0,5.91,98.5,7,R4,Strong Rock
PROMHILL,PH08D386,520.0,526.0,6.0,6.0,100.0,5.91,98.5,5,R4,Strong Rock
PROMHILL,PH08D386,526.0,532.0,6.0,6.0,100.0,6.0,100.0,6,R4,Strong Rock
PROMHILL,PH08D386,532.0,538.0,6.0,6.0,100.0,6.0,100.0,8,R4,Strong Rock
PROMHILL,PH08D386,538.0,541.52,3.52,3.52,100.0,3.52,100.0,4,R4,Strong Rock
PROMHILL,PH08D386,541.52,543.89,2.37,2.38,100.42,2.38,100.0,1,R5,Very Strong Rock
PROMHILL,PH08D386,543.89,549.0,5.11,5.1,100.0,5.08,99.41,7,R4,Strong Rock
PROMHILL,PH08D386,549.0,553.56,4.56,4.51,100.0,4.51,98.9,8,R4,Strong Rock
PROMHILL,PH08D386,553.56,558.0,4.44,4.43,99.77,4.36,98.2,5,R4,Strong Rock
PROMHILL,PH08D386,558.0,561.83,3.83,3.75,100.0,3.71,96.87,5,R4,Strong Rock
PROMHILL,PH08D386,561.83,567.0,5.17,5.17,100.0,5.08,98.26,7,R4,Strong Rock
PROMHILL,PH08D386,567.0,570.13,3.13,3.13,100.0,3.06,97.76,6,R4,Strong Rock
PROMHILL,PH08D386,570.13,576.0,5.87,5.74,99.83,5.63,95.91,14,R4,Strong Rock
PROMHILL,PH08D386,576.0,582.46,6.46,6.46,100.0,6.46,100.0,10,R4,Strong Rock
PROMHILL,PH08D386,582.46,586.0,3.54,3.49,100.0,3.24,91.53,11,R4,Strong Rock
PROMHILL,PH08D386,586.0,592.0,6.0,4.98,94.33,4.87,81.17,17,R4,Strong Rock
PROMHILL,PH08D386,592.0,598.0,6.0,5.96,99.33,5.96,99.33,2,R4,Strong Rock
PROMHILL,PH08D386,598.0,601.0,3.0,2.43,97.0,2.25,75.0,11,R4,Strong Rock
PROMHILL,PH08D386,601.0,606.0,5.0,4.52,99.8,4.23,84.6,9,R4,Strong Rock
PROMHILL,PH08D386,606.0,612.0,6.0,5.98,99.67,5.89,98.17,6,R4,Strong Rock
PROMHILL,PH08D386,612.0,618.0,6.0,5.79,99.5,5.59,93.17,9,R4,Strong Rock
PROMHILL,PH08D386,618.0,624.0,6.0,5.55,98.83,5.18,86.33,14,R4,Strong Rock
PROMHILL,PH08D386,624.0,630.0,6.0,5.42,97.0,5.13,85.5,14,R4,Strong Rock
PROMHILL,PH08D386,630.0,636.0,6.0,5.62,100.17,5.39,89.83,10,R4,Strong Rock
PROMHILL,PH08D386,636.0,642.0,6.0,5.45,99.17,4.84,80.67,15,R4,Strong Rock
PROMHILL,PH08D386,642.0,648.0,6.0,5.22,100.0,4.81,80.17,23,R4,Strong Rock
PROMHILL,PH08D386,648.0,653.0,5.0,4.03,100.0,3.22,64.4,22,R4,Strong Rock
PROMHILL,PH08D386,653.0,658.0,5.0,4.72,100.0,4.28,85.6,20,R4,Strong Rock
PROMHILL,PH08D386,658.0,662.92,4.92,4.92,100.0,4.69,95.33,11,R4,Strong Rock
PROMHILL,PH08D386,662.92,666.0,3.08,3.08,100.0,2.94,95.45,10,R4,Strong Rock
PROMHILL,PH08D386,666.0,670.3,4.3,4.3,100.47,4.17,96.98,8,R4,Strong Rock
PROMHILL,PH08D386,670.3,672.23,1.93,1.81,99.48,1.76,91.19,10,R4,Strong Rock
PROMHILL,PH08D386,672.23,673.0,0.77,0.54,74.03,0.54,70.13,9999,R4,Strong Rock
PROMHILL,PH08D386,673.0,673.69,0.69,0.66,100.0,0.67,97.1,3,R4,Strong Rock
PROMHILL,PH08D386,673.69,675.67,1.98,1.94,100.51,1.9,95.96,7,R4,Strong Rock
PROMHILL,PH08D386,675.67,681.88,6.21,6.07,100.0,6.02,96.94,23,R4,Strong Rock
PROMHILL,PH08D386,681.88,687.61,5.73,5.7,99.83,5.72,99.83,6,R4,Strong Rock
PROMHILL,PH08D386,687.61,692.15,4.54,4.37,100.0,4.48,98.68,7,R4,Strong Rock
PROMHILL,PH08D386,692.15,695.44,3.29,3.18,98.78,3.02,91.79,12,R4,Strong Rock
PROMHILL,PH08D386,695.44,696.51,1.07,0.48,81.31,0.21,19.63,9999,R4,Strong Rock
PROMHILL,PH08D386,696.51,699.0,2.49,2.41,100.4,1.86,74.7,16,R4,Strong Rock
PROMHILL,PH08D386,699.0,700.56,1.56,0.46,100.0,0.28,17.95,9999,R4,Strong Rock
PROMHILL,PH08D386,700.56,701.3,0.74,0.67,100.0,0.69,93.24,3,R4,Strong Rock
PROMHILL,PH08D386,701.3,704.56,3.26,1.96,99.69,1.52,46.63,9999,R4,Strong Rock
PROMHILL,PH08D386,704.56,707.33,2.77,2.69,100.0,2.61,94.22,14,R4,Strong Rock
PROMHILL,PH08D386,707.33,708.0,0.67,0.15,70.15,0.14,20.9,9999,R4,Strong Rock
PROMHILL,PH08D386,708.0,711.96,3.96,3.3,100.0,1.67,42.17,9999,R4,Strong Rock
PROMHILL,PH08D386,711.96,714.17,2.21,2.03,100.0,2.03,91.86,17,R4,Strong Rock
PROMHILL,PH08D386,714.17,715.0,0.83,0.45,63.86,0.26,31.33,9999,R4,Strong Rock
PROMHILL,PH08D386,715.0,717.9,2.9,2.9,100.0,2.83,97.59,10,R4,Strong Rock
PROMHILL,PH08D386,717.9,723.91,6.01,5.98,100.0,6.01,100.0,12,R4,Strong Rock
PROMHILL,PH08D386,723.91,729.94,6.03,6.03,100.0,5.9,97.84,13,R4,Strong Rock
PROMHILL,PH08D386,729.94,734.49,4.55,4.55,100.0,4.55,100.0,2,R4,Strong Rock
PROMHILL,PH08D386,734.49,740.93,6.44,6.43,99.84,6.43,99.84,10,R4,Strong Rock
PROMHILL,PH08D386,740.93,744.21,3.28,3.28,100.0,3.28,100.0,4,R4,Strong Rock
PROMHILL,PH08D386,744.21,745.05,0.84,0.82,97.62,0.82,97.62,1,R4,Strong Rock
PROMHILL,PH08D386,745.05,747.42,2.37,2.35,99.16,2.33,98.31,4,R4,Strong Rock
PROMHILL,PH08D386,747.42,753.93,6.51,6.5,99.85,6.5,99.85,3,R4,Strong Rock
PROMHILL,PH08D386,753.93,759.96,6.03,6.03,100.0,6.03,100.0,5,R4,Strong Rock
PROMHILL,PH08D386,759.96,765.93,5.97,5.97,100.0,5.97,100.0,3,R4,Strong Rock
PROMHILL,PH08D386,765.93,771.94,6.01,5.99,99.67,5.94,98.84,8,R4,Strong Rock
PROMHILL,PH08D386,771.94,776.23,4.29,4.28,99.77,4.28,99.77,4,R4,Strong Rock
PROMHILL,PH08D386,776.23,782.76,6.53,6.47,99.08,6.47,99.08,4,R4,Strong Rock
PROMHILL,PH08D386,782.76,789.27,6.51,6.5,99.85,6.5,99.85,10,R4,Strong Rock
PROMHILL,PH08D429,154.6,160.0,5.4,4.9,91.11,4.81,89.07,14,R4,Strong Rock
PROMHILL,PH08D429,160.0,165.11,5.11,4.93,98.04,4.86,95.11,15,R4,Strong Rock
PROMHILL,PH08D429,165.11,171.5,6.39,6.29,98.75,6.31,98.75,3,R4,Strong Rock
PROMHILL,PH08D429,171.5,177.93,6.43,6.38,100.0,6.36,98.91,7,R4,Strong Rock
PROMHILL,PH08D429,177.93,180.77,2.84,2.81,100.7,2.86,100.0,4,R4,Strong Rock
PROMHILL,PH08D429,180.77,181.0,0.23,0.0,56.52,0.0,0.0,9999,R4,Strong Rock
PROMHILL,PH08D429,181.0,184.18,3.18,3.0,100.0,3.03,95.28,13,R4,Strong Rock
PROMHILL,PH08D429,184.18,188.19,4.01,3.77,97.01,3.78,94.26,15,R4,Strong Rock
PROMHILL,PH08D429,188.19,194.52,6.33,6.3,99.53,6.3,99.53,5,R4,Strong Rock
PROMHILL,PH08D429,194.52,197.96,3.44,3.22,97.38,3.18,92.44,23,R4,Strong Rock
PROMHILL,PH08D429,197.96,202.0,4.04,3.96,100.0,3.97,98.27,8,R4,Strong Rock
PROMHILL,PH08D429,202.0,202.42,0.42,0.05,100.0,0.0,0.0,9999,R4,Strong Rock
PROMHILL,PH08D429,202.42,204.45,2.03,1.63,90.15,1.66,81.77,16,R4,Strong Rock
PROMHILL,PH08D429,204.45,207.66,3.21,3.2,99.69,3.2,99.69,1,R4,Strong Rock
PROMHILL,PH08D429,207.66,213.79,6.13,6.1,99.51,6.1,99.51,9,R4,Strong Rock
PROMHILL,PH08D429,213.79,219.75,5.96,5.68,96.48,5.64,94.63,16,R4,Strong Rock
PROMHILL,PH08D429,219.75,222.56,2.81,2.77,99.29,2.79,99.29,1,R4,Strong Rock
PROMHILL,PH08D429,222.56,225.77,3.21,3.13,99.07,2.89,90.03,15,R4,Strong Rock
PROMHILL,PH08D429,225.77,229.6,3.83,3.73,99.74,3.6,93.99,11,R4,Strong Rock
PROMHILL,PH08D429,229.6,229.82,0.22,0.0,90.91,0.0,0.0,9999,R4,Strong Rock
PROMHILL,PH08D429,229.82,230.85,1.03,0.98,100.0,0.91,88.35,5,R4,Strong Rock
PROMHILL,PH08D429,230.85,231.27,0.42,0.29,97.62,0.29,69.05,9999,R4,Strong Rock
PROMHILL,PH08D429,231.27,234.17,2.9,2.9,100.0,2.9,100.0,8,R4,Strong Rock
PROMHILL,PH08D429,234.17,237.74,3.57,3.52,99.44,3.45,96.64,6,R4,Strong Rock
PROMHILL,PH08D429,237.74,239.43,1.69,1.68,99.41,1.59,94.08,6,R4,Strong Rock
PROMHILL,PH08D429,239.43,242.39,2.96,2.95,100.0,2.88,97.3,6,R4,Strong Rock
PROMHILL,PH08D429,242.39,245.96,3.57,3.46,98.88,3.46,96.92,10,R4,Strong Rock
PROMHILL,PH08D429,245.96,249.71,3.75,3.75,100.0,3.71,98.93,7,R4,Strong Rock
PROMHILL,PH08D429,249.71,256.33,6.62,6.37,96.83,6.3,95.17,6,R4,Strong Rock
PROMHILL,PH08D429,256.33,262.63,6.3,6.16,100.16,6.09,96.67,17,R4,Strong Rock
PROMHILL,PH08D429,262.63,265.38,2.75,2.74,99.64,2.74,99.64,3,R4,Strong Rock
PROMHILL,PH08D429,265.38,265.81,0.43,0.0,51.16,0.0,0.0,9999,R4,Strong Rock
PROMHILL,PH08D429,265.81,269.06,3.25,3.22,99.69,3.16,97.23,6,R4,Strong Rock
PROMHILL,PH08D429,269.06,273.57,4.51,4.46,100.0,0.0,0.0,4,R4,Strong Rock
PROMHILL,PH08D429,273.64,275.6,1.96,1.96,100.0,1.96,100.0,1,R4,Strong Rock
PROMHILL,PH08D429,275.6,282.11,6.51,6.19,99.69,6.36,97.7,6,R4,Strong Rock
PROMHILL,PH08D429,282.11,286.95,4.84,4.84,100.0,4.78,98.76,12,R4,Strong Rock
PROMHILL,PH08D429,286.95,291.78,4.83,4.74,100.21,4.55,94.2,13,R5,Very Strong Rock
PROMHILL,PH08D429,291.78,297.78,6.0,6.0,100.0,5.91,98.5,7,R5,Very Strong Rock
PROMHILL,PH08D429,297.78,303.89,6.11,6.06,99.18,6.06,99.18,7,R4,Strong Rock
PROMHILL,PH08D429,303.89,309.8,5.91,5.77,100.0,5.76,97.46,15,R5,Very Strong Rock
PROMHILL,PH08D429,309.8,315.8,6.0,5.99,99.83,5.89,98.17,2,R5,Very Strong Rock
PROMHILL,PH08D429,315.8,321.82,6.02,6.02,100.0,6.02,100.0,3,R5,Very Strong Rock
PROMHILL,PH08D429,321.82,327.86,6.04,6.03,99.83,6.03,99.83,2,R5,Very Strong Rock
PROMHILL,PH08D429,327.86,333.86,6.0,5.99,99.83,5.99,99.83,2,R5,Very Strong Rock
PROMHILL,PH08D429,333.86,339.92,6.06,6.06,100.0,6.06,100.0,3,R5,Very Strong Rock
PROMHILL,PH08D429,339.92,345.93,6.01,6.03,100.33,6.03,100.0,1,R5,Very Strong Rock
PROMHILL,PH08D429,345.93,351.92,5.99,5.98,99.83,5.98,99.83,1,R5,Very Strong Rock
PROMHILL,PH08D429,351.92,357.97,6.05,6.06,100.17,6.06,100.0,1,R5,Very Strong Rock
PROMHILL,PH08D429,357.97,361.82,3.85,3.86,100.26,3.86,100.0,2,R5,Very Strong Rock
PROMHILL,PH08D429,361.82,368.23,6.41,6.4,99.84,6.4,99.84,1,R5,Very Strong Rock
PROMHILL,PH08D429,368.23,374.78,6.55,6.5,99.24,6.5,99.24,2,R5,Very Strong Rock
PROMHILL,PH08D429,374.78,380.93,6.15,6.13,99.67,6.13,99.67,2,R4,Strong Rock
PROMHILL,PH08D429,380.93,384.86,3.93,3.91,99.49,3.91,99.49,4,R4,Strong Rock
PROMHILL,PH08D429,384.86,390.94,6.08,6.08,100.0,6.08,100.0,2,R4,Strong Rock
PROMHILL,PH08D429,390.94,396.82,5.88,5.88,100.0,5.88,100.0,2,R5,Very Strong Rock
PROMHILL,PH08D429,396.82,402.87,6.05,6.04,99.83,6.04,99.83,1,R5,Very Strong Rock
PROMHILL,PH08D429,402.87,408.86,5.99,5.99,100.0,5.91,98.66,3,R4,Strong Rock
PROMHILL,PH08D429,408.86,414.8,5.94,5.96,100.34,5.96,100.0,1,R4,Strong Rock
PROMHILL,PH08D429,414.8,420.77,5.97,5.97,100.0,5.97,100.0,2,R4,Strong Rock
PROMHILL,PH08D429,420.77,426.78,6.01,6.0,99.83,6.0,99.83,0,R5,Very Strong Rock
PROMHILL,PH08D429,426.78,432.83,6.05,6.08,100.5,6.08,100.0,0,R5,Very Strong Rock
PROMHILL,PH08D429,432.83,438.83,6.0,6.0,100.0,6.0,100.0,3,R5,Very Strong Rock
PROMHILL,PH08D429,438.83,444.76,5.93,5.86,100.0,5.67,95.62,11,R5,Very Strong Rock
PROMHILL,PH08D429,444.76,450.7,5.94,5.84,100.0,5.71,96.13,12,R4,Strong Rock
PROMHILL,PH08D429,450.7,454.63,3.93,3.59,97.46,3.4,86.51,18,R4,Strong Rock
PROMHILL,PH08D429,454.63,460.91,6.28,6.26,99.68,6.26,99.68,8,R5,Very Strong Rock
PROMHILL,PH08D429,460.91,463.29,2.38,2.38,100.0,2.38,100.0,6,R5,Very Strong Rock
PROMHILL,PH08D429,463.29,469.47,6.18,5.91,100.0,5.32,86.08,24,R4,Strong Rock
PROMHILL,PH08D429,469.47,474.76,5.29,5.29,100.0,4.84,91.49,11,R4,Strong Rock
PROMHILL,PH08D429,474.76,480.73,5.97,5.93,99.83,5.84,97.82,16,R4,Strong Rock
PROMHILL,PH08D429,480.73,486.75,6.02,6.02,100.0,5.93,98.5,8,R4,Strong Rock
PROMHILL,PH08D429,486.75,492.71,5.96,5.96,100.0,5.96,100.0,7,R4,Strong Rock
PROMHILL,PH08D429,492.71,498.7,5.99,5.99,100.0,5.99,100.0,7,R4,Strong Rock
PROMHILL,PH08D429,498.7,504.75,6.05,6.05,100.0,6.05,100.0,7,R4,Strong Rock
PROMHILL,PH08D429,504.75,510.72,5.97,5.97,100.0,5.97,100.0,8,R4,Strong Rock
PROMHILL,PH08D429,510.72,516.69,5.97,5.97,100.0,5.87,98.32,11,R4,Strong Rock
PROMHILL,PH08D429,516.69,522.68,5.99,5.99,100.0,5.99,100.0,8,R4,Strong Rock
PROMHILL,PH08D429,522.68,528.7,6.02,6.02,100.0,6.02,100.0,6,R4,Strong Rock
PROMHILL,PH08D429,528.7,534.65,5.95,5.9,100.0,5.81,97.65,13,R4,Strong Rock
PROMHILL,PH08D429,534.65,540.64,5.99,5.94,100.0,5.82,97.16,14,R4,Strong Rock
PROMHILL,PH08D429,540.64,546.65,6.01,6.01,100.0,5.9,98.17,8,R4,Strong Rock
PROMHILL,PH08D429,546.65,551.0,4.35,4.35,100.0,4.33,99.54,5,R4,Strong Rock
PROMHILL,PH08D429,551.0,554.84,3.84,2.97,100.0,2.87,74.74,9999,R4,Strong Rock
PROMHILL,PH08D429,554.84,559.64,4.8,4.8,100.0,4.66,97.08,10,R4,Strong Rock
PROMHILL,PH08D429,559.64,565.92,6.28,6.01,100.0,5.8,92.36,18,R4,Strong Rock
PROMHILL,PH08D429,565.92,570.83,4.91,4.92,100.2,4.92,100.0,4,R4,Strong Rock
PROMHILL,PH08D429,570.83,576.0,5.17,5.18,100.19,5.04,97.49,10,R4,Strong Rock
PROMHILL,PH08D429,576.0,581.0,5.0,4.86,100.0,4.86,97.2,12,R4,Strong Rock
PROMHILL,PH08D429,581.0,587.0,6.0,6.0,100.0,5.92,98.67,5,R4,Strong Rock
PROMHILL,PH08D429,587.0,592.0,5.0,5.0,100.0,5.0,100.0,6,R4,Strong Rock
PROMHILL,PH08D429,592.0,598.0,6.0,6.0,100.0,5.83,97.17,12,R4,Strong Rock
PROMHILL,PH08D429,598.0,603.83,5.83,5.83,100.0,5.81,99.66,6,R4,Strong Rock
PROMHILL,PH08D429,603.83,607.95,4.12,4.11,99.76,3.96,96.12,8,R4,Strong Rock
PROMHILL,PH08D429,607.95,614.42,6.47,6.46,99.85,6.46,99.85,4,R4,Strong Rock
PROMHILL,PH08D429,614.42,620.74,6.32,6.32,100.0,6.32,100.0,5,R4,Strong Rock
PROMHILL,PH08D429,620.74,624.0,3.26,3.26,100.0,3.22,98.77,5,R4,Strong Rock
PROMHILL,PH08D429,624.0,630.55,6.55,6.42,100.0,6.09,92.98,13,R4,Strong Rock
PROMHILL,PH08D429,630.55,636.73,6.18,6.18,100.0,6.18,100.0,5,R4,Strong Rock
PROMHILL,PH08D429,636.73,642.77,6.04,6.04,100.0,6.04,100.0,6,R4,Strong Rock
PROMHILL,PH08D429,642.77,648.78,6.01,6.01,100.0,6.01,100.0,5,R4,Strong Rock
PROMHILL,PH08D429,648.78,652.19,3.41,3.41,100.0,3.41,100.0,5,R4,Strong Rock
PROMHILL,PH08D429,652.19,658.3,6.11,6.1,99.84,6.1,99.84,6,R4,Strong Rock
PROMHILL,PH08D429,658.3,661.0,2.7,2.7,100.0,2.7,100.0,4,R4,Strong Rock
PROMHILL,PH08D429,661.0,666.77,5.77,5.77,100.0,5.77,100.0,6,R4,Strong Rock
PROMHILL,PH08D429,666.77,672.78,6.01,6.01,100.0,55.96,931.11,7,R4,Strong Rock
PROMHILL,PH08D429,672.78,678.58,5.8,5.78,99.83,5.74,98.97,8,R4,Strong Rock
PROMHILL,PH08D429,678.58,684.76,6.18,6.17,99.84,6.02,97.41,10,R4,Strong Rock
PROMHILL,PH08D429,684.76,690.89,6.13,6.12,99.84,5.99,97.72,7,R4,Strong Rock
PROMHILL,PH08D429,690.89,696.74,5.85,5.85,100.0,5.85,100.0,7,R4,Strong Rock
PROMHILL,PH08D429,696.74,702.39,5.65,5.65,100.0,5.61,99.29,8,R4,Strong Rock
PROMHILL,PH08D434,143.46,147.86,4.4,4.4,100.0,4.4,100.0,4,R5,Very Strong Rock
PROMHILL,PH08D434,147.86,150.44,2.58,2.58,100.0,2.58,100.0,5,R4,Strong Rock
PROMHILL,PH08D434,150.44,155.62,5.18,5.18,100.0,4.99,96.33,14,R4,Strong Rock
PROMHILL,PH08D434,155.62,157.59,1.97,1.94,100.0,1.87,94.92,6,R4,Strong Rock
PROMHILL,PH08D434,157.59,159.87,2.28,1.47,100.0,1.47,64.47,9999,R4,Strong Rock
PROMHILL,PH08D434,159.87,162.88,3.01,2.8,100.0,2.8,93.02,11,R4,Strong Rock
PROMHILL,PH08D434,162.88,163.43,0.55,0.38,100.0,0.38,69.09,9999,R4,Strong Rock
PROMHILL,PH08D434,163.43,168.91,5.48,5.43,100.0,5.17,94.34,15,R4,Strong Rock
PROMHILL,PH08D434,168.91,172.36,3.45,2.24,100.0,2.24,64.93,9999,R4,Strong Rock
PROMHILL,PH08D434,172.36,177.05,4.69,4.6,100.0,4.5,95.95,14,R4,Strong Rock
PROMHILL,PH08D434,177.05,178.9,1.85,0.78,100.0,0.78,42.16,9999,R4,Strong Rock
PROMHILL,PH08D434,178.9,180.67,1.77,1.71,100.0,1.48,83.62,9,R4,Strong Rock
PROMHILL,PH08D434,180.67,181.42,0.75,0.13,100.0,0.13,17.33,9999,R4,Strong Rock
PROMHILL,PH08D434,181.42,185.1,3.68,3.44,100.0,3.44,93.48,6,R4,Strong Rock
PROMHILL,PH08D434,185.1,187.88,2.78,2.78,100.0,2.68,96.4,7,R4,Strong Rock
PROMHILL,PH08D434,187.88,189.0,1.12,0.46,100.0,0.46,41.07,9999,R4,Strong Rock
PROMHILL,PH08D434,189.0,190.29,1.29,1.25,100.0,1.25,96.9,0,R4,Strong Rock
PROMHILL,PH08D434,190.29,190.96,0.67,0.26,100.0,0.26,38.81,9999,R4,Strong Rock
PROMHILL,PH08D434,190.96,194.43,3.47,3.47,100.0,3.37,97.12,7,R4,Strong Rock
PROMHILL,PH08D434,194.43,198.5,4.07,3.02,92.63,1.28,31.45,9999,R4,Strong Rock
PROMHILL,PH08D434,198.5,204.18,5.68,5.31,98.77,5.27,92.78,37,R4,Strong Rock
PROMHILL,PH08D434,204.18,209.44,5.26,5.12,98.86,5.08,96.58,13,R4,Strong Rock
PROMHILL,PH08D434,209.44,209.67,0.23,0.0,100.0,0.0,0.0,9999,R4,Strong Rock
PROMHILL,PH08D434,209.67,213.43,3.76,3.44,93.88,3.41,90.69,21,R4,Strong Rock
PROMHILL,PH08D434,213.43,213.65,0.22,0.19,86.36,0.0,0.0,9999,R4,Strong Rock
PROMHILL,PH08D434,213.65,219.9,6.25,5.75,95.04,5.6,89.6,26,R4,Strong Rock
PROMHILL,PH08D434,219.9,223.96,4.06,4.06,100.0,4.06,100.0,4,R4,Strong Rock
PROMHILL,PH08D434,223.96,229.7,5.74,5.54,98.26,5.55,96.69,23,R4,Strong Rock
PROMHILL,PH08D434,229.7,235.0,5.3,5.3,100.0,5.55,100.0,2,R4,Strong Rock
PROMHILL,PH08D434,235.0,238.33,3.33,3.33,100.0,3.33,100.0,0,R4,Strong Rock
PROMHILL,PH08D434,238.33,242.0,3.67,3.67,100.0,3.33,90.74,0,R4,Strong Rock
PROMHILL,PH08D434,242.0,247.05,5.05,5.05,100.0,5.05,100.0,3,R4,Strong Rock
PROMHILL,PH08D434,247.05,253.06,6.01,6.01,100.0,6.01,100.0,0,R4,Strong Rock
PROMHILL,PH08D434,253.06,259.04,5.98,5.94,100.0,5.97,99.83,5,R4,Strong Rock
PROMHILL,PH08D434,259.04,264.99,5.95,5.95,100.0,5.87,98.66,4,R4,Strong Rock
PROMHILL,PH08D434,264.99,268.42,3.43,3.38,100.0,3.4,99.13,10,R4,Strong Rock
PROMHILL,PH08D434,268.42,271.78,3.36,3.26,100.0,3.19,94.94,27,R4,Strong Rock
PROMHILL,PH08D434,271.8,278.07,6.27,6.17,100.0,6.02,96.01,8,R4,Strong Rock
PROMHILL,PH08D434,278.07,284.15,6.08,6.08,100.0,6.08,100.0,7,R4,Strong Rock
PROMHILL,PH08D434,284.15,290.63,6.48,6.43,100.0,6.36,98.15,14,R4,Strong Rock
PROMHILL,PH08D434,290.63,292.88,2.25,2.26,100.44,2.26,100.0,2,R4,Strong Rock
PROMHILL,PH08D434,292.88,293.79,0.91,0.58,102.2,0.53,58.24,12,R4,Strong Rock
PROMHILL,PH08D434,293.79,297.13,3.34,3.35,100.3,3.35,100.0,4,R4,Strong Rock
PROMHILL,PH08D434,297.13,303.64,6.51,6.42,100.0,6.42,98.62,7,R4,Strong Rock
PROMHILL,PH08D434,303.64,310.01,6.37,6.28,98.59,6.19,97.17,6,R4,Strong Rock
PROMHILL,PH08D434,310.01,316.01,6.0,6.0,100.0,5.95,99.17,2,R4,Strong Rock
PROMHILL,PH08D434,316.01,322.0,5.99,5.99,100.0,5.99,100.0,0,R4,Strong Rock
PROMHILL,PH08D434,322.0,328.0,6.0,6.0,100.0,6.0,100.0,1,R4,Strong Rock
PROMHILL,PH08D434,328.0,334.0,6.0,6.0,100.0,6.0,100.0,0,R4,Strong Rock
PROMHILL,PH08D434,334.0,339.98,5.98,5.98,100.0,5.98,100.0,0,R5,Very Strong Rock
PROMHILL,PH08D434,339.98,346.01,6.03,6.03,100.0,6.03,100.0,2,R5,Very Strong Rock
PROMHILL,PH08D434,346.01,352.02,6.01,6.01,100.0,6.01,100.0,3,R5,Very Strong Rock
PROMHILL,PH08D434,352.02,357.97,5.95,5.95,100.0,5.95,100.0,2,R5,Very Strong Rock
PROMHILL,PH08D434,357.97,363.94,5.97,5.89,100.0,5.82,97.49,12,R5,Very Strong Rock
PROMHILL,PH08D434,363.94,369.44,5.5,5.29,100.0,5.29,96.18,10,R4,Strong Rock
PROMHILL,PH08D434,369.44,375.86,6.42,6.35,99.84,6.26,97.51,7,R4,Strong Rock
PROMHILL,PH08D434,375.86,380.52,4.66,4.51,100.0,4.11,88.2,25,R4,Strong Rock
PROMHILL,PH08D434,380.52,384.49,3.97,3.78,96.22,3.64,91.69,14,R4,Strong Rock
PROMHILL,PH08D434,384.49,388.54,4.05,3.96,100.0,3.8,93.83,12,R4,Strong Rock
PROMHILL,PH08D434,388.54,394.01,5.47,5.41,100.18,5.27,96.34,17,R4,Strong Rock
PROMHILL,PH08D434,394.01,399.96,5.95,5.96,100.17,5.8,97.48,13,R5,Very Strong Rock
PROMHILL,PH08D434,399.96,405.97,6.01,6.01,100.0,5.99,99.67,11,R5,Very Strong Rock
PROMHILL,PH08D434,405.97,411.92,5.95,5.94,99.83,5.79,97.31,10,R5,Very Strong Rock
PROMHILL,PH08D434,411.92,418.0,6.08,5.93,97.53,5.78,95.07,12,R5,Very Strong Rock
PROMHILL,PH08D434,418.0,423.0,5.0,5.0,100.0,4.86,97.2,19,R4,Strong Rock
PROMHILL,PH08D434,423.0,428.58,5.58,5.42,98.21,5.0,89.61,22,R4,Strong Rock
PROMHILL,PH08D434,428.58,431.27,2.69,2.69,100.0,2.51,93.31,9,R4,Strong Rock
PROMHILL,PH08D434,431.27,431.47,0.2,0.04,75.0,0.0,0.0,9999,R4,Strong Rock
PROMHILL,PH08D434,431.47,434.97,3.5,3.5,100.0,3.45,98.57,14,R4,Strong Rock
PROMHILL,PH08D434,434.97,441.57,6.6,6.5,98.48,6.38,96.67,12,R4,Strong Rock
PROMHILL,PH08D434,441.57,447.96,6.39,6.39,100.0,6.16,96.4,13,R4,Strong Rock
PROMHILL,PH08D434,447.96,453.98,6.02,6.02,100.0,6.02,100.0,7,R4,Strong Rock
PROMHILL,PH08D434,453.98,459.9,5.92,5.92,100.0,5.92,100.0,9,R4,Strong Rock
PROMHILL,PH08D434,459.9,465.88,5.98,5.98,100.0,5.98,100.0,10,R4,Strong Rock
PROMHILL,PH08D434,465.88,468.09,2.21,2.21,100.0,2.12,95.93,5,R4,Strong Rock
PROMHILL,PH08D434,468.09,468.43,0.34,0.0,100.0,0.0,0.0,9999,R4,Strong Rock
PROMHILL,PH08D434,468.43,471.98,3.55,3.55,100.0,3.48,98.03,7,R4,Strong Rock
PROMHILL,PH08D434,471.98,478.01,6.03,6.03,100.0,6.03,100.0,4,R4,Strong Rock
PROMHILL,PH08D434,478.01,483.93,5.92,5.92,100.0,5.92,100.0,5,R4,Strong Rock
PROMHILL,PH08D434,483.93,490.0,6.07,6.07,100.0,6.02,99.18,6,R4,Strong Rock
PROMHILL,PH08D434,490.0,495.97,5.97,5.97,100.0,5.97,100.0,9,R4,Strong Rock
PROMHILL,PH08D434,495.97,501.98,6.01,6.01,100.0,5.84,97.17,13,R4,Strong Rock
PROMHILL,PH08D434,501.98,507.87,5.89,5.89,100.0,5.73,97.28,10,R4,Strong Rock
PROMHILL,PH08D434,507.87,513.96,6.09,6.08,99.84,5.96,97.87,12,R4,Strong Rock
PROMHILL,PH08D434,513.96,519.99,6.03,5.85,100.0,5.46,90.55,16,R4,Strong Rock
PROMHILL,PH08D434,519.99,525.97,5.98,5.98,100.0,5.89,98.49,10,R4,Strong Rock
PROMHILL,PH08D434,525.97,529.0,3.03,3.03,100.0,3.03,100.0,5,R4,Strong Rock
PROMHILL,PH08D434,529.0,534.14,5.14,5.09,100.0,4.88,94.94,11,R4,Strong Rock
PROMHILL,PH08D434,534.14,538.06,3.92,3.91,99.74,3.91,99.74,7,R4,Strong Rock
PROMHILL,PH08D434,538.06,543.96,5.9,5.89,99.83,5.89,99.83,7,R4,Strong Rock
PROMHILL,PH08D434,558.99,563.97,4.98,4.93,100.0,4.64,93.17,16,R4,Strong Rock
PROMHILL,PH08D434,563.97,570.43,6.46,6.43,100.0,6.36,98.45,6,R4,Strong Rock
PROMHILL,PH08D434,570.43,576.04,5.61,5.43,100.0,4.9,87.34,26,R4,Strong Rock
PROMHILL,PH08D434,576.04,578.91,2.87,2.86,99.65,2.68,93.38,9,R5,Very Strong Rock
PROMHILL,PH08D434,578.91,584.59,5.68,5.68,100.0,5.21,91.73,20,R5,Very Strong Rock
PROMHILL,PH08D434,584.59,591.11,6.52,6.52,100.0,6.52,100.0,8,R5,Very Strong Rock
PROMHILL,PH08D434,591.11,595.01,3.9,3.84,100.0,3.42,87.69,16,R5,Very Strong Rock
PROMHILL,PH08D434,595.01,600.99,5.98,5.76,97.32,5.59,93.48,13,R5,Very Strong Rock
PROMHILL,PH08D434,600.99,607.08,6.09,6.09,100.0,6.09,100.0,6,R5,Very Strong Rock
PROMHILL,PH08D434,607.08,612.95,5.87,5.86,99.83,5.86,99.83,7,R5,Very Strong Rock
PROMHILL,PH08D434,612.95,618.1,5.15,5.15,100.0,5.15,100.0,6,R5,Very Strong Rock
PROMHILL,PH08D434,618.1,624.64,6.54,6.54,100.0,6.54,100.0,6,R5,Very Strong Rock
PROMHILL,PH08D434,624.64,629.0,4.36,4.38,100.46,4.38,100.0,2,R4,Strong Rock
PROMHILL,PH08D434,629.0,635.0,6.0,6.0,100.0,6.0,100.0,4,R4,Strong Rock
PROMHILL,PH08D434,635.0,641.0,6.0,6.0,100.0,6.0,100.0,4,R4,Strong Rock
PROMHILL,PH08D434,641.0,645.72,4.72,4.68,100.0,4.68,99.15,6,R4,Strong Rock
PROMHILL,PH08D434,645.72,648.0,2.28,2.27,99.56,2.27,99.56,3,R4,Strong Rock
PROMHILL,PH08D434,648.0,654.0,6.0,5.91,100.0,5.83,97.17,12,R4,Strong Rock
PROMHILL,PH08D434,654.0,660.0,6.0,6.0,100.0,6.0,100.0,2,R4,Strong Rock
PROMHILL,PH08D434,660.0,666.0,6.0,6.0,100.0,6.0,100.0,6,R4,Strong Rock
PROMHILL,PH08D434,666.0,671.0,5.0,5.0,100.0,6.0,100.0,2,R4,Strong Rock
PROMHILL,PH08D434,671.0,676.0,5.0,4.68,94.0,4.68,93.6,7,R4,Strong Rock
PROMHILL,PH08D434,676.0,681.0,5.0,5.0,100.0,5.0,100.0,6,R4,Strong Rock
PROMHILL,PH08D434,681.0,682.0,1.0,1.0,100.0,1.0,100.0,2,R4,Strong Rock
PROMHILL,PH08D434,682.0,688.03,6.03,6.03,100.0,5.98,99.17,6,R4,Strong Rock
PROMHILL,PH08D434,688.03,694.06,6.03,6.03,100.0,6.03,100.0,9,R4,Strong Rock
PROMHILL,PH08D434,694.06,699.99,5.93,5.93,100.0,5.54,93.42,18,R4,Strong Rock
PROMHILL,PH08D434,699.99,706.02,6.03,5.97,100.0,5.81,96.35,16,R4,Strong Rock
PROMHILL,PH08D434,706.02,712.0,5.98,5.72,98.33,5.4,90.3,15,R4,Strong Rock
PROMHILL,PH08D434,712.0,717.96,5.96,5.96,100.0,5.96,100.0,6,R4,Strong Rock
PROMHILL,PH08D434,717.96,723.93,5.97,5.97,100.0,5.97,100.0,5,R4,Strong Rock
PROMHILL,PH08D434,723.93,729.9,5.97,5.97,100.0,5.97,100.0,4,R4,Strong Rock
PROMHILL,PH08D434,729.9,735.91,6.01,6.01,100.0,6.01,100.0,6,R4,Strong Rock
PROMHILL,PH08D434,735.91,741.9,5.99,5.99,100.0,5.84,97.5,7,R4,Strong Rock
PROMHILL,PH08D434,741.9,746.03,4.13,4.12,99.76,4.05,98.06,8,R4,Strong Rock
PROMHILL,PH08D434,746.03,751.66,5.63,5.53,98.22,5.45,96.8,11,R4,Strong Rock
PROMHILL,PH08D434,751.66,755.71,4.05,4.11,101.48,4.11,100.0,4,R4,Strong Rock
PROMHILL,PH08D434,755.71,758.5,2.79,2.74,99.64,2.39,85.66,13,R4,Strong Rock
PROMHILL,PH08D434,758.5,763.01,4.51,4.51,100.0,4.29,95.12,10,R4,Strong Rock
PROMHILL,PH08D434,763.01,769.01,6.0,6.0,100.0,5.87,97.83,8,R4,Strong Rock
PROMHILL,PH08D434,769.01,775.11,6.1,6.1,100.0,6.1,100.0,5,R4,Strong Rock
PROMHILL,PH08D434,775.11,781.07,5.96,5.96,100.0,5.96,100.0,4,R4,Strong Rock
PROMHILL,PH08D434,781.07,785.82,4.75,4.74,99.79,4.63,97.47,7,R4,Strong Rock
PROMHILL,PH08D434,785.82,790.1,4.28,4.27,99.77,4.27,99.77,2,R4,Strong Rock
PROMHILL,PH08D434,790.1,796.15,6.05,6.05,100.0,5.98,98.84,6,R4,Strong Rock
PROMHILL,PH08D434,796.15,800.69,4.54,4.54,100.0,4.45,98.02,6,R4,Strong Rock
PROMHILL,PH08D434,800.69,804.3,3.61,3.6,99.72,3.6,99.72,4,R4,Strong Rock
PROMHILL,PH08D434,804.3,808.51,4.21,4.21,100.0,4.21,100.0,5,R4,Strong Rock
PROMHILL,PH09D455,125.8,128.59,2.79,2.89,103.58,2.89,100.0,2,R4,Strong Rock
PROMHILL,PH09D455,128.59,133.02,4.43,3.93,88.71,3.87,87.36,7,R3,Medium Strong Rock
PROMHILL,PH09D455,133.02,139.13,6.11,6.1,99.84,5.9,96.56,8,R4,Strong Rock
PROMHILL,PH09D455,139.13,143.71,4.58,4.41,99.13,4.41,96.29,7,R3,Medium Strong Rock
PROMHILL,PH09D455,143.71,147.9,4.19,4.06,99.05,4.06,96.9,8,R3,Medium Strong Rock
PROMHILL,PH09D455,147.9,150.0,2.1,2.08,99.05,2.04,97.14,3,R4,Strong Rock
PROMHILL,PH09D455,150.0,152.6,2.6,1.5,86.54,1.5,57.69,11,R3,Medium Strong Rock
PROMHILL,PH09D455,152.6,156.55,3.95,3.54,90.63,3.54,89.62,5,R3,Medium Strong Rock
PROMHILL,PH09D455,156.55,159.96,3.41,3.21,99.12,3.14,92.08,7,R3,Medium Strong Rock
PROMHILL,PH09D455,159.96,164.65,4.69,3.9,99.36,3.9,83.16,7,R3,Medium Strong Rock
PROMHILL,PH09D455,164.65,171.15,6.5,6.44,99.08,6.44,99.08,2,R4,Strong Rock
PROMHILL,PH09D455,171.15,175.02,3.87,3.79,97.93,3.79,97.93,3,R3,Medium Strong Rock
PROMHILL,PH09D455,175.02,178.0,2.98,2.98,100.0,2.98,100.0,1,R4,Strong Rock
PROMHILL,PH09D455,178.0,182.3,4.3,3.79,96.51,3.79,88.14,21,R4,Strong Rock
PROMHILL,PH09D455,182.3,187.03,4.73,4.72,99.79,4.7,99.37,5,R4,Strong Rock
PROMHILL,PH09D455,187.03,193.1,6.07,5.97,98.35,5.97,98.35,4,R3,Medium Strong Rock
PROMHILL,PH09D455,193.1,195.9,2.8,2.7,100.0,2.46,87.86,15,R3,Medium Strong Rock
PROMHILL,PH09D455,195.9,202.05,6.15,6.08,99.51,5.98,97.24,9,R4,Strong Rock
PROMHILL,PH09D455,202.05,208.0,5.95,5.94,99.83,5.83,97.98,16,R4,Strong Rock
PROMHILL,PH09D455,208.0,214.0,6.0,6.0,100.0,5.81,96.83,11,R4,Strong Rock
PROMHILL,PH09D455,214.0,220.04,6.04,6.04,100.0,5.95,98.51,19,R4,Strong Rock
PROMHILL,PH09D455,220.04,225.94,5.9,5.88,99.66,5.14,87.12,29,R4,Strong Rock
PROMHILL,PH09D455,225.94,232.01,6.07,6.05,99.67,5.8,95.55,19,R4,Strong Rock
PROMHILL,PH09D455,232.01,239.37,7.36,6.04,85.73,4.95,67.26,50,R4,Strong Rock
PROMHILL,PH09D455,239.37,243.99,4.62,4.58,99.13,4.09,88.53,17,R4,Strong Rock
PROMHILL,PH09D455,243.99,246.5,2.51,1.76,95.22,1.39,55.38,14,R4,Strong Rock
PROMHILL,PH09D455,246.5,249.93,3.43,3.42,99.71,3.42,99.71,2,R4,Strong Rock
PROMHILL,PH09D455,249.93,255.94,6.01,5.74,96.67,5.4,89.85,14,R3,Medium Strong Rock
PROMHILL,PH09D455,255.94,262.02,6.08,6.05,99.51,6.0,98.68,9,R4,Strong Rock
PROMHILL,PH09D455,262.02,267.39,5.37,5.05,99.63,5.05,94.04,10,R4,Strong Rock
PROMHILL,PH09D455,267.39,272.71,5.32,3.49,99.25,3.33,62.59,4,R4,Strong Rock
PROMHILL,PH09D455,272.71,276.38,3.67,3.62,99.73,3.59,97.82,7,R5,Very Strong Rock
PROMHILL,PH09D455,276.38,283.1,6.72,6.54,98.51,6.54,97.32,8,R4,Strong Rock
PROMHILL,PH09D455,283.1,289.03,5.93,6.0,101.18,6.0,100.0,7,R4,Strong Rock
PROMHILL,PH09D455,289.03,292.7,3.67,3.67,100.0,3.67,100.0,0,R4,Strong Rock
PROMHILL,PH09D455,292.7,294.93,2.23,2.19,98.21,2.19,98.21,1,R4,Strong Rock
PROMHILL,PH09D455,294.93,297.34,2.41,2.4,99.59,2.4,99.59,2,R4,Strong Rock
PROMHILL,PH09D455,297.34,300.95,3.61,3.48,100.0,3.48,96.4,5,R4,Strong Rock
PROMHILL,PH09D455,300.95,306.13,5.18,4.53,92.08,4.53,87.45,10,R4,Strong Rock
PROMHILL,PH09D455,306.13,310.0,3.87,3.67,99.74,3.67,94.83,13,R5,Very Strong Rock
PROMHILL,PH09D455,310.0,314.44,4.44,3.97,95.27,3.71,83.56,14,R4,Strong Rock
PROMHILL,PH09D455,314.44,317.16,2.72,0.99,68.01,0.99,36.4,9999,R5,Very Strong Rock
PROMHILL,PH09D455,317.16,318.7,1.54,1.21,98.7,0.91,59.09,15,R4,Strong Rock
PROMHILL,PH09D455,318.7,324.98,6.28,6.18,98.89,5.52,87.9,20,R4,Strong Rock
PROMHILL,PH09D455,324.98,330.99,6.01,5.95,100.0,5.71,95.01,15,R4,Strong Rock
PROMHILL,PH09D455,330.99,336.96,5.97,5.83,98.32,5.29,88.61,19,R4,Strong Rock
PROMHILL,PH09D455,336.96,343.02,6.06,5.82,98.18,5.67,93.56,9,R4,Strong Rock
PROMHILL,PH09D455,343.02,349.13,6.11,6.02,100.0,5.94,97.22,13,R4,Strong Rock
PROMHILL,PH09D455,349.13,349.82,0.69,0.0,71.01,0.0,0.0,9999,R4,Strong Rock
PROMHILL,PH09D455,349.82,352.05,2.23,2.09,100.0,2.02,90.58,8,R4,Strong Rock
PROMHILL,PH09D455,352.05,356.02,3.97,3.54,93.2,3.54,89.17,9,R4,Strong Rock
PROMHILL,PH09D455,356.02,361.03,5.01,4.92,100.0,4.87,97.21,9,R5,Very Strong Rock
PROMHILL,PH09D455,361.03,362.6,1.57,1.34,100.0,1.34,85.35,7,R4,Strong Rock
PROMHILL,PH09D455,362.6,366.98,4.38,4.38,100.0,4.34,99.09,7,R4,Strong Rock
PROMHILL,PH09D455,366.98,372.94,5.96,5.96,100.0,5.96,100.0,2,R4,Strong Rock
PROMHILL,PH09D455,372.94,378.93,5.99,5.97,99.67,5.9,98.5,9,R5,Very Strong Rock
PROMHILL,PH09D455,378.93,384.96,6.03,5.97,100.0,5.97,99.0,10,R5,Very Strong Rock
PROMHILL,PH09D455,384.96,388.45,3.49,3.49,100.0,3.49,100.0,5,R5,Very Strong Rock
PROMHILL,PH09D455,388.45,390.91,2.46,2.45,99.59,2.45,99.59,1,R4,Strong Rock
PROMHILL,PH09D455,390.91,396.96,6.05,6.04,99.83,6.03,99.67,5,R4,Strong Rock
PROMHILL,PH09D455,396.96,402.8,5.84,4.74,95.03,4.18,71.58,43,R4,Strong Rock
PROMHILL,PH09D455,402.8,409.04,6.24,6.2,100.16,6.06,97.12,9,R4,Strong Rock
PROMHILL,PH09D455,409.04,412.99,3.95,3.76,99.24,3.26,82.53,34,R4,Strong Rock
PROMHILL,PH09D455,412.99,419.51,6.52,6.52,100.0,6.29,96.47,9,R4,Strong Rock
PROMHILL,PH09D455,419.51,423.56,4.05,4.05,100.0,4.0,98.77,4,R4,Strong Rock
PROMHILL,PH09D455,423.56,427.06,3.5,3.39,100.0,3.09,88.29,23,R4,Strong Rock
PROMHILL,PH09D455,427.06,429.07,2.01,1.04,96.02,0.0,0.0,9999,R4,Strong Rock
PROMHILL,PH09D455,429.07,432.94,3.87,3.88,100.26,3.69,95.35,5,R4,Strong Rock
PROMHILL,PH09D455,432.94,434.18,1.24,0.84,99.19,0.06,4.84,38,R4,Strong Rock
PROMHILL,PH09D455,434.18,438.97,4.79,4.76,99.79,4.72,98.54,10,R4,Strong Rock
PROMHILL,PH09D455,438.97,442.3,3.33,3.3,99.1,3.28,98.5,7,R4,Strong Rock
PROMHILL,PH09D455,442.3,448.08,5.78,5.72,99.31,5.6,96.89,10,R5,Very Strong Rock
PROMHILL,PH09D455,448.08,452.03,3.95,3.19,99.75,2.77,70.13,20,R5,Very Strong Rock
PROMHILL,PH09D455,452.03,456.98,4.95,4.96,100.2,4.96,100.0,8,R4,Strong Rock
PROMHILL,PH09D455,456.98,462.54,5.56,5.53,99.46,5.28,94.96,9,R4,Strong Rock
PROMHILL,PH09D455,462.54,466.11,3.57,3.38,97.2,3.01,84.31,12,R5,Very Strong Rock
PROMHILL,PH09D455,466.11,469.0,2.89,2.9,100.35,2.77,95.85,9,R5,Very Strong Rock
PROMHILL,PH09D455,469.0,474.96,5.96,5.96,100.0,5.68,95.3,17,R5,Very Strong Rock
PROMHILL,PH09D455,474.96,481.0,6.04,6.0,99.34,5.92,98.01,10,R4,Strong Rock
PROMHILL,PH09D455,481.0,487.07,6.07,6.07,100.0,6.0,98.85,10,R4,Strong Rock
PROMHILL,PH09D455,487.07,493.06,5.99,6.02,100.5,6.02,100.0,9,R5,Very Strong Rock
PROMHILL,PH09D455,493.06,499.03,5.97,6.01,100.67,6.01,100.0,8,R5,Very Strong Rock
PROMHILL,PH09D455,499.03,504.98,5.95,5.91,99.33,5.91,99.33,7,R5,Very Strong Rock
PROMHILL,PH09D455,504.98,511.0,6.02,6.01,99.83,6.01,99.83,10,R5,Very Strong Rock
PROMHILL,PH09D455,511.0,517.0,6.0,6.0,100.0,5.83,97.17,14,R5,Very Strong Rock
PROMHILL,PH09D455,517.0,523.0,6.0,5.63,100.17,4.99,83.17,24,R5,Very Strong Rock
PROMHILL,PH09D455,523.0,529.01,6.01,5.96,99.5,4.25,70.72,27,R4,Strong Rock
PROMHILL,PH09D455,529.01,535.01,6.0,6.02,100.5,5.72,95.33,19,R4,Strong Rock
PROMHILL,PH09D455,535.01,541.02,6.01,5.89,99.0,5.2,86.52,17,R5,Very Strong Rock
PROMHILL,PH09D455,541.02,542.0,0.98,1.03,105.1,0.97,98.98,5,R5,Very Strong Rock
PROMHILL,PH09D455,542.0,542.8,0.8,0.0,97.5,0.0,0.0,9999,R5,Very Strong Rock
PROMHILL,PH09D455,542.8,545.6,2.8,2.62,93.57,2.62,93.57,10,R4,Strong Rock
PROMHILL,PH09D455,545.6,548.3,2.7,2.65,101.11,1.85,68.52,17,R4,Strong Rock
PROMHILL,PH09D455,548.3,552.08,3.78,3.5,100.0,3.5,92.59,10,R4,Strong Rock
PROMHILL,PH09D455,552.08,558.54,6.46,5.43,84.06,5.31,82.2,12,R4,Strong Rock
PROMHILL,PH09D455,558.54,562.0,3.46,3.39,99.13,3.39,97.98,5,R4,Strong Rock
PROMHILL,PH09D455,562.0,568.0,6.0,5.36,98.33,5.22,87.0,9999,R4,Strong Rock
PROMHILL,PH09D455,568.0,570.6,2.6,2.48,100.0,2.4,92.31,12,R4,Strong Rock
PROMHILL,PH09D455,570.6,576.95,6.35,6.32,99.53,6.32,99.53,3,R4,Strong Rock
PROMHILL,PH09D455,576.95,582.0,5.05,4.94,100.0,4.84,95.84,18,R4,Strong Rock
PROMHILL,PH09D455,582.0,588.0,6.0,5.27,100.0,3.85,64.17,9999,R4,Strong Rock
PROMHILL,PH09D455,588.0,592.0,4.0,3.67,92.5,3.37,84.25,11,R5,Very Strong Rock
PROMHILL,PH09D455,592.0,596.0,4.0,3.64,100.0,3.43,85.75,14,R5,Very Strong Rock
PROMHILL,PH09D455,596.0,601.09,5.09,5.09,100.0,5.01,98.43,7,R5,Very Strong Rock
PROMHILL,PH09D455,601.09,607.05,5.96,5.93,99.5,5.81,97.48,8,R5,Very Strong Rock
PROMHILL,PH09D455,607.05,612.99,5.94,5.88,98.99,5.65,95.12,11,R4,Strong Rock
PROMHILL,PH09D455,612.99,619.06,6.07,6.09,100.33,6.09,100.0,7,R4,Strong Rock
PROMHILL,PH09D455,619.06,625.98,6.92,6.93,100.14,6.93,100.0,6,R4,Strong Rock
PROMHILL,PH09D455,625.98,631.0,5.02,5.02,100.0,4.8,95.62,10,R4,Strong Rock
PROMHILL,PH09D455,631.0,635.0,4.0,3.7,95.0,3.67,91.75,8,R4,Strong Rock
PROMHILL,PH10D489,119.9,122.54,2.64,2.64,100.76,2.64,100.0,1,R4,Strong Rock
PROMHILL,PH10D489,122.54,126.93,4.39,4.38,99.77,4.38,99.77,3,R4,Strong Rock
PROMHILL,PH10D489,126.93,132.32,5.39,5.36,99.44,5.29,98.14,1,R4,Strong Rock
PROMHILL,PH10D489,132.32,137.43,5.11,4.92,100.0,4.92,96.28,23,R4,Strong Rock
PROMHILL,PH10D489,137.43,141.89,4.46,4.44,99.55,4.44,99.55,1,R4,Strong Rock
PROMHILL,PH10D489,141.89,147.92,6.03,5.77,99.83,5.73,95.02,38,R4,Strong Rock
PROMHILL,PH10D489,147.92,153.93,6.01,5.98,99.5,5.98,99.5,1,R4,Strong Rock
PROMHILL,PH10D489,153.93,159.92,5.99,5.92,99.83,5.92,98.83,17,R4,Strong Rock
PROMHILL,PH10D489,159.92,165.98,6.06,6.04,99.67,6.04,99.67,14,R4,Strong Rock
PROMHILL,PH10D489,165.98,171.97,5.99,5.98,99.83,5.84,97.5,16,R4,Strong Rock
PROMHILL,PH10D489,171.97,177.34,5.37,5.24,99.44,4.98,92.74,26,R4,Strong Rock
PROMHILL,PH10D489,177.34,182.82,5.48,5.47,99.82,5.03,91.79,25,R4,Strong Rock
PROMHILL,PH10D489,182.82,187.05,4.23,4.24,100.24,4.03,95.27,14,R4,Strong Rock
PROMHILL,PH10D489,187.05,190.05,3.0,3.01,100.33,2.98,99.33,9,R4,Strong Rock
PROMHILL,PH10D489,190.05,196.0,5.95,5.96,100.17,5.79,97.31,17,R4,Strong Rock
PROMHILL,PH10D489,196.0,202.0,6.0,5.91,99.33,5.53,92.17,22,R4,Strong Rock
PROMHILL,PH10D489,202.0,208.4,6.4,6.4,100.0,5.79,90.47,23,R4,Strong Rock
PROMHILL,PH10D489,208.4,212.48,4.08,4.45,109.07,4.25,100.0,16,R4,Strong Rock
PROMHILL,PH10D489,212.48,217.06,4.58,4.62,100.87,4.48,97.82,19,R4,Strong Rock
PROMHILL,PH10D489,217.06,222.65,5.59,5.56,100.18,5.05,90.34,23,R4,Strong Rock
PROMHILL,PH10D489,222.65,229.0,6.35,6.4,101.26,6.33,99.69,19,R4,Strong Rock
PROMHILL,PH10D489,229.0,233.15,4.15,4.18,101.2,3.81,91.81,20,R4,Strong Rock
PROMHILL,PH10D489,233.15,237.97,4.82,4.72,99.59,4.13,85.68,27,R4,Strong Rock
PROMHILL,PH10D489,237.97,242.54,4.57,4.02,100.22,3.13,68.49,30,R4,Strong Rock
PROMHILL,PH10D489,242.54,244.24,1.7,1.67,98.24,1.59,93.53,8,R4,Strong Rock
PROMHILL,PH10D489,244.24,250.02,5.78,5.82,100.69,5.82,100.0,15,R4,Strong Rock
PROMHILL,PH10D489,250.02,256.02,6.0,6.02,100.33,5.95,99.17,16,R4,Strong Rock
PROMHILL,PH10D489,256.02,262.1,6.08,6.01,100.0,5.95,97.86,15,R4,Strong Rock
PROMHILL,PH10D489,262.1,268.06,5.96,5.96,100.0,5.81,97.48,17,R4,Strong Rock
PROMHILL,PH10D489,268.06,274.05,5.99,6.01,100.33,6.01,100.0,7,R4,Strong Rock
PROMHILL,PH10D489,274.05,280.02,5.97,6.0,100.5,5.93,99.33,12,R4,Strong Rock
PROMHILL,PH10D489,280.02,285.99,5.97,6.03,101.01,5.97,100.0,8,R4,Strong Rock
PROMHILL,PH10D489,285.99,292.01,6.02,6.08,101.0,6.08,100.0,7,R4,Strong Rock
PROMHILL,PH10D489,292.01,296.07,4.06,4.03,100.0,3.29,81.03,23,R4,Strong Rock
PROMHILL,PH10D489,296.07,301.01,4.94,4.95,100.2,4.74,95.95,16,R4,Strong Rock
PROMHILL,PH10D489,301.01,306.95,5.94,6.0,101.01,5.86,98.65,16,R4,Strong Rock
PROMHILL,PH10D489,306.95,312.99,6.04,6.05,100.17,6.04,100.0,15,R4,Strong Rock
PROMHILL,PH10D489,312.99,318.98,5.99,5.99,100.0,5.91,98.66,9,R4,Strong Rock
PROMHILL,PH10D489,318.98,325.0,6.02,6.01,99.83,6.01,99.83,4,R4,Strong Rock
PROMHILL,PH10D489,325.0,330.98,5.98,5.98,100.0,5.98,100.0,1,R4,Strong Rock
PROMHILL,PH10D489,330.98,336.95,5.97,5.97,100.0,5.97,100.0,1,R4,Strong Rock
PROMHILL,PH10D489,336.95,342.98,6.03,6.02,99.83,6.02,99.83,0,R4,Strong Rock
PROMHILL,PH10D489,342.98,348.92,5.94,5.84,99.83,5.72,96.3,12,R4,Strong Rock
PROMHILL,PH10D489,348.92,354.92,6.0,5.98,99.67,5.98,99.67,1,R4,Strong Rock
PROMHILL,PH10D489,354.92,361.03,6.11,6.06,99.18,6.06,99.18,0,R4,Strong Rock
PROMHILL,PH10D489,361.03,367.0,5.97,5.97,100.0,5.97,100.0,2,R4,Strong Rock
PROMHILL,PH10D489,367.0,373.09,6.09,6.09,100.0,6.09,100.0,1,R4,Strong Rock
PROMHILL,PH10D489,373.09,379.13,6.04,6.03,99.83,6.03,99.83,0,R4,Strong Rock
PROMHILL,PH10D489,379.13,385.06,5.93,5.96,100.51,5.96,100.0,1,R4,Strong Rock
PROMHILL,PH10D489,385.06,391.05,5.99,5.98,99.83,5.98,99.83,4,R4,Strong Rock
PROMHILL,PH10D489,391.05,397.03,5.98,5.98,100.0,5.98,100.0,2,R4,Strong Rock
PROMHILL,PH10D489,397.03,403.05,6.02,6.01,99.83,6.01,99.83,5,R4,Strong Rock
PROMHILL,PH10D489,403.05,409.0,5.95,5.94,99.83,5.94,99.83,5,R4,Strong Rock
PROMHILL,PH10D489,409.0,414.98,5.98,5.98,100.0,5.98,100.0,0,R4,Strong Rock
PROMHILL,PH10D489,414.98,420.96,5.98,5.98,100.0,5.98,100.0,0,R4,Strong Rock
PROMHILL,PH10D489,420.96,426.96,6.0,5.77,100.0,5.77,96.17,5,R4,Strong Rock
PROMHILL,PH10D489,426.96,433.02,6.06,6.06,100.0,6.04,99.67,2,R4,Strong Rock
PROMHILL,PH10D489,433.02,438.93,5.91,5.91,100.0,5.91,100.0,2,R4,Strong Rock
PROMHILL,PH10D489,438.93,444.99,6.06,6.06,100.0,6.06,100.0,1,R4,Strong Rock
PROMHILL,PH10D489,444.99,450.96,5.97,5.93,100.0,5.93,99.33,2,R5,Very Strong Rock
PROMHILL,PH10D489,450.96,456.99,6.03,6.03,100.0,6.03,100.0,0,R5,Very Strong Rock
PROMHILL,PH10D489,456.99,462.84,5.85,5.85,100.0,5.79,98.97,4,R4,Strong Rock
PROMHILL,PH10D489,462.84,468.89,6.05,6.0,99.83,6.0,99.17,4,R4,Strong Rock
PROMHILL,PH10D489,468.89,473.98,5.09,5.02,99.8,4.85,95.28,18,R4,Strong Rock
PROMHILL,PH10D489,473.98,478.01,4.03,4.03,100.0,3.9,96.77,8,R4,Strong Rock
PROMHILL,PH10D489,478.01,483.98,5.97,5.97,100.0,5.88,98.49,7,R4,Strong Rock
PROMHILL,PH10D489,483.98,489.94,5.96,5.96,100.0,5.96,100.0,7,R4,Strong Rock
PROMHILL,PH10D489,489.94,496.04,6.1,6.0,98.36,6.0,98.36,4,R4,Strong Rock
PROMHILL,PH10D489,496.04,502.04,6.0,6.0,100.0,5.99,99.83,8,R4,Strong Rock
PROMHILL,PH10D489,502.04,508.03,5.99,5.87,100.0,5.81,96.99,15,R4,Strong Rock
PROMHILL,PH10D489,508.03,514.09,6.06,6.06,100.0,6.05,99.83,6,R4,Strong Rock
PROMHILL,PH10D489,514.09,519.72,5.63,5.63,100.0,5.59,99.29,7,R4,Strong Rock
PROMHILL,PH10D489,519.72,526.0,6.28,6.07,100.0,5.93,94.43,14,R4,Strong Rock
